﻿"test","test_name","scale","raw_score","score","ci_95","percentile","range","domain","subdomain","narrow","pass","verbal","timed","result"
"wais5","WAIS-5","Full Scale (FSIQ)",74,103,,58,"Average","General Cognitive Ability","General Intelligence","Full Scale IQ","NA","NA","NA","General intellectual ability fell within the Average and ranked at the 58th percentile, indicating performance as good as or better than 58% of same-age peers from the general population."
"wais5","WAIS-5","General Ability (GAI)",52,103,,58,"Average","General Cognitive Ability","General Intelligence","General Ability Index","NA","NA","NA","A subset of intellectual functioning with reduced influences of working memory and processing speed fell within the Average and ranked at the 58th percentile, indicating performance as good as or better than 58% of same-age peers from the general population."
"wais5","WAIS-5","Working Memory (WMI)",20,100,,50,"Average","General Cognitive Ability","Working Memory","Working Memory Index","NA","NA","NA","Working memory (i.e., the ability to consciously register maintain and manipulate auditory and visual information) fell within the Average and ranked at the 50th percentile, indicating performance as good as or better than 50% of same-age peers from the general population."
"wais5","WAIS-5","Verbal Comprehension (VCI)",18,95,,37,"Average","General Cognitive Ability","Knowledge","Crystallized Knowledge","NA","NA","NA","Verbal Comprehension (i.e., the ability to verbalize meaningful concepts, think about verbal information, and express oneself using words) fell within the Average and ranked at the 37th percentile, indicating performance as good as or better than 37% of same-age peers from the general population."
