﻿"test","test_name","scale","raw_score","score","ci_95","percentile","range","domain","subdomain","narrow","pass","verbal","timed","score_type","test_type","result","absort","filename","description","index","true_score","domain_1","subdomain_1","narrow_1","pass_1","verbal_1","timed_1","z","z_mean_domain","z_sd_domain","z_mean_subdomain","z_sd_subdomain","z_mean_narrow","z_sd_narrow"
"caars2_observer","CAARS-2 Observer","ADHD Hyperactive/Impulsive Symptoms",7,52,NA,71,"Average","ADHD","Hyperactive/Impulsive","Hyperactive/Impulsive (Observer)",NA,NA,NA,"t_score","rating_scale","- Observer-reported ADHD Hyperactive/Impulsive Symptoms (i.e., behave in a manner consistent with the DSM-5 Hyperactive-Impulsive Presentation of ADHD) was Average.
","caars2_or_7","caars2_observer.csv",NA,NA,NA,"ADHD","Hyperactive/Impulsive","Hyperactive/Impulsive (Observer)",NA,NA,NA,0.5533847195556727,0.030870794344616842,1.1108736723396166,0.7156405073034509,0.22946433560643806,0.5533847195556727,NA
"caars2_observer","CAARS-2 Observer","ADHD Inattentive Symptoms ",3,46,NA,48,"Average","ADHD","Inattention","Inattention (Observer)",NA,NA,NA,"t_score","rating_scale","- Observer-reported ADHD Inattentive Symptoms (i.e., behave in a manner consistent with the DSM-5 Inattentive Presentation of ADHD) was Average.
","caars2_or_6","caars2_observer.csv",NA,NA,NA,"ADHD","Inattention","Inattention (Observer)",NA,NA,NA,-0.050153583464733656,0.030870794344616842,1.1108736723396166,0.7523100055660596,0.9266051382836034,-0.050153583464733656,0
"caars2_observer","CAARS-2 Observer","CAARS-2 ADHD Index",11,NA,NA,13,"WNL","ADHD","ADHD Index","ADHD Index (Observer)",NA,NA,NA,"t_score","rating_scale","- Observer-reported CAARS 2-ADHD Index (i.e., a composite indicator for identifying individuals 'at-risk' for ADHD) indicated a probability of 13% of having adult ADHD.
","caars2_or_9","caars2_observer.csv",NA,NA,NA,"ADHD","ADHD Index","ADHD Index (Observer)",NA,NA,NA,-1.1263911290388005,0.030870794344616842,1.1108736723396166,0.02429783151364473,1.6273199340862676,-1.1263911290388005,NA
"caars2_observer","CAARS-2 Observer","Emotional Dysregulation",11,59,NA,79,"High Average","ADHD","Externalizing","Externalizing (Observer)",NA,NA,NA,"t_score","rating_scale","#NAME?","caars2_or_4","caars2_observer.csv",NA,NA,NA,"ADHD","Externalizing","Externalizing (Observer)",NA,NA,NA,0.8064212470182404,0.030870794344616842,1.1108736723396166,0.9664061880285204,0.2262528733521976,0.8064212470182404,NA
"caars2_observer","CAARS-2 Observer","Hyperactivity",4,47,NA,54,"Average","ADHD","Hyperactivity","Hyperactivity (Observer)",NA,NA,NA,"t_score","rating_scale","#NAME?","caars2_or_2","caars2_observer.csv",NA,NA,NA,"ADHD","Hyperactivity","Hyperactivity (Observer)",NA,NA,NA,0.10043372051146986,0.030870794344616842,1.1108736723396166,0.1384039426461655,0.0536980031092057,0.10043372051146986,NA
"caars2_observer","CAARS-2 Observer","Impulsivity",11,55,NA,75,"High Average","ADHD","Impulsivity","Impulsivity (Observer)",NA,NA,NA,"t_score","rating_scale","#NAME?","caars2_or_3","caars2_observer.csv",NA,NA,NA,"ADHD","Impulsivity","Impulsivity (Observer)",NA,NA,NA,0.6744897501960817,0.030870794344616842,1.1108736723396166,1.1596716885737766,0.6861508774722034,0.6744897501960817,NA
"caars2_observer","CAARS-2 Observer","Inattention/Executive Dysfunction",10,45,NA,48,"Average","ADHD","Inattention","Inattention (Observer)",NA,NA,NA,"t_score","rating_scale","- Observer-reported Inattention/Executive Dysfunction (i.e., trouble concentrating, difficulty planning or completing tasks, forgetfulness, absent-mindedness, being disorganized) was Average.
","caars2_or_1","caars2_observer.csv",NA,NA,NA,"ADHD","Inattention","Inattention (Observer)",NA,NA,NA,-0.050153583464733656,0.030870794344616842,1.1108736723396166,0.7523100055660596,0.9266051382836034,-0.050153583464733656,0
"caars2_observer","CAARS-2 Observer","Negative Self-Concept",15,75,NA,97,"Above Average","ADHD","Internalizing","Internalizing (Observer)",NA,NA,NA,"t_score","rating_scale","- Observer-reported Negative Self-Concept (i.e., poor social relationships, low self-esteem and self confidence) was Above Average.
","caars2_or_5","caars2_observer.csv",NA,NA,NA,"ADHD","Internalizing","Internalizing (Observer)",NA,NA,NA,1.8807936081512504,0.030870794344616842,1.1108736723396166,2.1035707410960454,0.31505444279712336,1.8807936081512504,NA
"caars2_observer","CAARS-2 Observer","Total ADHD Symptoms",10,49,NA,58,"Average","ADHD","Combined ADHD","Combined ADHD (Observer)",NA,NA,NA,"t_score","rating_scale","- Observer-reported Total ADHD Symptoms (i.e., behave in a manner consistent with the DSM-5 diagnostic criteria for Combined Presentation of ADHD) was Average.
","caars2_or_8","caars2_observer.csv",NA,NA,NA,"ADHD","Combined ADHD","Combined ADHD (Observer)",NA,NA,NA,0.2018934791418507,0.030870794344616842,1.1108736723396166,0.8034825197257417,0.8507753801687569,0.2018934791418507,NA
"caars2_self","CAARS-2 Self","ADHD Hyperactive/Impulsive Symptoms",10,56,NA,81,"High Average","ADHD","Hyperactive/Impulsive","Hyperactive/Impulsive (Self)",NA,NA,NA,"t_score","rating_scale","- Self-reported ADHD Hyperactive/Impulsive Symptoms (i.e., behave in a manner consistent with the DSM-5 Hyperactive-Impulsive Presentation of ADHD) was High Average.
","caars2_self_7","caars2_self.csv",NA,NA,NA,"ADHD","Hyperactive/Impulsive","Hyperactive/Impulsive (Self)",NA,NA,NA,0.8778962950512289,0.030870794344616842,1.1108736723396166,0.7156405073034509,0.22946433560643806,0.8778962950512289,NA
"caars2_self","CAARS-2 Self","ADHD Inattentive Symptoms ",16,66,NA,94,"Above Average","ADHD","Inattention","Inattention (Self)",NA,NA,NA,"t_score","rating_scale","- Self-reported ADHD Inattentive Symptoms (i.e., behave in a manner consistent with the DSM-5 Inattentive Presentation of ADHD) was Above Average.
","caars2_self_6","caars2_self.csv",NA,NA,NA,"ADHD","Inattention","Inattention (Self)",NA,NA,NA,1.5547735945968528,0.030870794344616842,1.1108736723396166,0.7523100055660596,0.9266051382836034,1.5547735945968528,0
"caars2_self","CAARS-2 Self","CAARS-2 ADHD Index",19,NA,NA,88,"High Average","ADHD","ADHD Index","ADHD Index (Self)",NA,NA,NA,"t_score","rating_scale","- Self-reported CAARS 2-ADHD Index (i.e., a composite indicator for identifying individuals 'at-risk' for ADHD) indicated a probability of 88% of having adult ADHD.
","caars2_self_9","caars2_self.csv",NA,NA,NA,"ADHD","ADHD Index","ADHD Index (Self)",NA,NA,NA,1.17498679206609,0.030870794344616842,1.1108736723396166,0.02429783151364473,1.6273199340862676,1.17498679206609,NA
"caars2_self","CAARS-2 Self","Emotional Dysregulation",11,59,NA,87,"High Average","ADHD","Externalizing","Externalizing (Self)",NA,NA,NA,"t_score","rating_scale","#NAME?","caars2_self_4","caars2_self.csv",NA,NA,NA,"ADHD","Externalizing","Externalizing (Self)",NA,NA,NA,1.1263911290388005,0.030870794344616842,1.1108736723396166,0.9664061880285204,0.2262528733521976,1.1263911290388005,NA
"caars2_self","CAARS-2 Self","Hyperactivity",6,49,NA,57,"Average","ADHD","Hyperactivity","Hyperactivity (Self)",NA,NA,NA,"t_score","rating_scale","#NAME?","caars2_self_2","caars2_self.csv",NA,NA,NA,"ADHD","Hyperactivity","Hyperactivity (Self)",NA,NA,NA,0.17637416478086118,0.030870794344616842,1.1108736723396166,0.1384039426461655,0.0536980031092057,0.17637416478086118,NA
"caars2_self","CAARS-2 Self","Impulsivity",18,66,NA,95,"Above Average","ADHD","Impulsivity","Impulsivity (Self)",NA,NA,NA,"t_score","rating_scale","#NAME?","caars2_self_3","caars2_self.csv",NA,NA,NA,"ADHD","Impulsivity","Impulsivity (Self)",NA,NA,NA,1.6448536269514715,0.030870794344616842,1.1108736723396166,1.1596716885737766,0.6861508774722034,1.6448536269514715,NA
"caars2_self","CAARS-2 Self","Inattention/Executive Dysfunction",45,68,NA,94,"Above Average","ADHD","Inattention","Inattention (Self)",NA,NA,NA,"t_score","rating_scale","- Self-reported Inattention/Executive Dysfunction (i.e., trouble concentrating, difficulty planning or completing tasks, forgetfulness, absent-mindedness, being disorganized) was Above Average.
","caars2_self_1","caars2_self.csv",NA,NA,NA,"ADHD","Inattention","Inattention (Self)",NA,NA,NA,1.5547735945968528,0.030870794344616842,1.1108736723396166,0.7523100055660596,0.9266051382836034,1.5547735945968528,0
"caars2_self","CAARS-2 Self","Negative Self-Concept",19,80,NA,99,"Exceptionally High","ADHD","Internalizing","Internalizing (Self)",NA,NA,NA,"t_score","rating_scale","- Self-reported Negative Self-Concept (i.e., poor social relationships, low self-esteem and self confidence) was Exceptionally High.
","caars2_self_5","caars2_self.csv",NA,NA,NA,"ADHD","Internalizing","Internalizing (Self)",NA,NA,NA,2.3263478740408408,0.030870794344616842,1.1108736723396166,2.1035707410960454,0.31505444279712336,2.3263478740408408,NA
"caars2_self","CAARS-2 Self","Total ADHD Symptoms",26,62,NA,92,"Above Average","ADHD","Combined ADHD","Combined ADHD (Self)",NA,NA,NA,"t_score","rating_scale","- Self-reported Total ADHD Symptoms (i.e., behave in a manner consistent with the DSM-5 diagnostic criteria for Combined Presentation of ADHD) was Above Average.
","caars2_self_8","caars2_self.csv",NA,NA,NA,"ADHD","Combined ADHD","Combined ADHD (Self)",NA,NA,NA,1.4050715603096327,0.030870794344616842,1.1108736723396166,0.8034825197257417,0.8507753801687569,1.4050715603096327,NA
"cefi_observer","CEFI Observer","Attention",NA,89,NA,23,"Low Average","ADHD","Attention","Attention (Observer)",NA,NA,NA,"standard_score","rating_scale","#NAME?","cefi_observer_2","cefi_observer.csv",NA,NA,NA,"ADHD","Attention","Attention (Observer)",NA,NA,NA,-0.7388468491852136,0.030870794344616842,1.1108736723396166,-1.0398009414377152,0.4256133589151713,-0.7388468491852136,NA
"cefi_observer","CEFI Observer","Emotion Regulation",NA,87,NA,19,"Low Average","ADHD","Emotion Regulation","Emotion Regulation (Observer)",NA,NA,NA,"standard_score","rating_scale","#NAME?","cefi_observer_3","cefi_observer.csv",NA,NA,NA,"ADHD","Emotion Regulation","Emotion Regulation (Observer)",NA,NA,NA,-0.8778962950512285,0.030870794344616842,1.1108736723396166,-0.9361770891304908,0.08242148941276631,-0.8778962950512285,NA
"cefi_observer","CEFI Observer","Flexibility",NA,95,NA,37,"Average","ADHD","Flexibility","Flexibility (Observer)",NA,NA,NA,"standard_score","rating_scale","#NAME?","cefi_observer_4","cefi_observer.csv",NA,NA,NA,"ADHD","Flexibility","Flexibility (Observer)",NA,NA,NA,-0.33185334643681663,0.030870794344616842,1.1108736723396166,-0.6236092171398153,0.412605109250152,-0.33185334643681663,NA
"cefi_observer","CEFI Observer","Full Scale",NA,93,NA,32,"Average","ADHD","Full Scale","Full Scale (Observer)",NA,NA,NA,"standard_score","rating_scale","- AJ's overall level of executive functioning was Average.","cefi_observer_1","cefi_observer.csv",NA,NA,NA,"ADHD","Full Scale","Full Scale (Observer)",NA,NA,NA,-0.4676987991145081,0.030870794344616842,1.1108736723396166,-0.8746251823295543,0.5754808100301498,-0.4676987991145081,NA
"cefi_observer","CEFI Observer","Inhibitory Control",NA,102,NA,55,"Average","ADHD","Inhibitory Control","Inhibitory Control (Observer)",NA,NA,NA,"standard_score","rating_scale","- Inhibitory Control (i.e., control behavior or impulses, including thinking about consequences before acting, maintaining self-control, and thinking before speaking) was Average","cefi_observer_5","cefi_observer.csv",NA,NA,NA,"ADHD","Inhibitory Control","Inhibitory Control (Observer)",NA,NA,NA,0.12566134685507413,0.030870794344616842,1.1108736723396166,-0.759596140048199,1.2519431441709314,0.12566134685507413,NA
"cefi_observer","CEFI Observer","Initiation",NA,89,NA,23,"Low Average","ADHD","Initiation","Initiation (Observer)",NA,NA,NA,"standard_score","rating_scale","#NAME?","cefi_observer_6","cefi_observer.csv",NA,NA,NA,"ADHD","Initiation","Initiation (Observer)",NA,NA,NA,-0.7388468491852136,0.030870794344616842,1.1108736723396166,-0.8666523661974833,0.18074429550485716,-0.7388468491852136,NA
"cefi_observer","CEFI Observer","Organization",NA,103,NA,58,"Average","ADHD","Organization","Organization (Observer)",NA,NA,NA,"standard_score","rating_scale","#NAME?","cefi_observer_7","cefi_observer.csv",NA,NA,NA,"ADHD","Organization","Organization (Observer)",NA,NA,NA,0.2018934791418507,0.030870794344616842,1.1108736723396166,-0.2362981355271155,0.6196965243830173,0.2018934791418507,NA
"cefi_observer","CEFI Observer","Planning",NA,86,NA,18,"Low Average","ADHD","Planning","Planning (Observer)",NA,NA,NA,"standard_score","rating_scale","#NAME?","cefi_observer_8","cefi_observer.csv",NA,NA,NA,"ADHD","Planning","Planning (Observer)",NA,NA,NA,-0.9153650878428141,0.030870794344616842,1.1108736723396166,-1.045175939954452,0.18358026759948642,-0.9153650878428141,NA
"cefi_observer","CEFI Observer","Self-Monitoring",NA,93,NA,32,"Average","ADHD","Self-Monitoring","Self-Monitoring (Observer)",NA,NA,NA,"standard_score","rating_scale","#NAME?","cefi_observer_9","cefi_observer.csv",NA,NA,NA,"ADHD","Self-Monitoring","Self-Monitoring (Observer)",NA,NA,NA,-0.4676987991145081,0.030870794344616842,1.1108736723396166,-0.821342795590299,0.5001281360678865,-0.4676987991145081,NA
"cefi_observer","CEFI Observer","Working Memory",NA,93,NA,32,"Average","ADHD","Working Memory","Working Memory (Observer)",NA,NA,NA,"standard_score","rating_scale","#NAME?","cefi_observer_10","cefi_observer.csv",NA,NA,NA,"ADHD","Working Memory","Working Memory (Observer)",NA,NA,NA,-0.4676987991145081,0.030870794344616842,1.1108736723396166,-0.7740090699647322,0.433188139330563,-0.4676987991145081,NA
"cefi_self","CEFI Self","Attention",NA,80,NA,9,"Low Average","ADHD","Attention","Attention (Self)",NA,NA,NA,"standard_score","rating_scale","#NAME?","cefi_self_2","cefi_self.csv",NA,NA,NA,"ADHD","Attention","Attention (Self)",NA,NA,NA,-1.3407550336902168,0.030870794344616842,1.1108736723396166,-1.0398009414377152,0.4256133589151713,-1.3407550336902168,NA
"cefi_self","CEFI Self","Emotion Regulation",NA,85,NA,16,"Low Average","ADHD","Emotion Regulation","Emotion Regulation (Self)",NA,NA,NA,"standard_score","rating_scale","#NAME?","cefi_self_3","cefi_self.csv",NA,NA,NA,"ADHD","Emotion Regulation","Emotion Regulation (Self)",NA,NA,NA,-0.994457883209753,0.030870794344616842,1.1108736723396166,-0.9361770891304908,0.08242148941276631,-0.994457883209753,NA
"cefi_self","CEFI Self","Flexibility",NA,86,NA,18,"Low Average","ADHD","Flexibility","Flexibility (Self)",NA,NA,NA,"standard_score","rating_scale","#NAME?","cefi_self_4","cefi_self.csv",NA,NA,NA,"ADHD","Flexibility","Flexibility (Self)",NA,NA,NA,-0.9153650878428141,0.030870794344616842,1.1108736723396166,-0.6236092171398153,0.412605109250152,-0.9153650878428141,NA
"cefi_self","CEFI Self","Full Scale",NA,81,NA,10,"Low Average","ADHD","Full Scale","Full Scale (Self)",NA,NA,NA,"standard_score","rating_scale","- AJ's overall level of executive functioning was Low Average.","cefi_self_1","cefi_self.csv",NA,NA,NA,"ADHD","Full Scale","Full Scale (Self)",NA,NA,NA,-1.2815515655446006,0.030870794344616842,1.1108736723396166,-0.8746251823295543,0.5754808100301498,-1.2815515655446006,NA
"cefi_self","CEFI Self","Inhibitory Control",NA,75,NA,5,"Below Average","ADHD","Inhibitory Control","Inhibitory Control (Self)",NA,NA,NA,"standard_score","rating_scale","- Inhibitory Control (i.e., control behavior or impulses, including thinking about consequences before acting, maintaining self-control, and thinking before speaking) was Below Average","cefi_self_5","cefi_self.csv",NA,NA,NA,"ADHD","Inhibitory Control","Inhibitory Control (Self)",NA,NA,NA,-1.6448536269514722,0.030870794344616842,1.1108736723396166,-0.759596140048199,1.2519431441709314,-1.6448536269514722,NA
"cefi_self","CEFI Self","Initiation",NA,85,NA,16,"Low Average","ADHD","Initiation","Initiation (Self)",NA,NA,NA,"standard_score","rating_scale","#NAME?","cefi_self_6","cefi_self.csv",NA,NA,NA,"ADHD","Initiation","Initiation (Self)",NA,NA,NA,-0.994457883209753,0.030870794344616842,1.1108736723396166,-0.8666523661974833,0.18074429550485716,-0.994457883209753,NA
"cefi_self","CEFI Self","Organization",NA,90,NA,25,"Average","ADHD","Organization","Organization (Self)",NA,NA,NA,"standard_score","rating_scale","#NAME?","cefi_self_7","cefi_self.csv",NA,NA,NA,"ADHD","Organization","Organization (Self)",NA,NA,NA,-0.6744897501960817,0.030870794344616842,1.1108736723396166,-0.2362981355271155,0.6196965243830173,-0.6744897501960817,NA
"cefi_self","CEFI Self","Planning",NA,82,NA,12,"Low Average","ADHD","Planning","Planning (Self)",NA,NA,NA,"standard_score","rating_scale","#NAME?","cefi_self_8","cefi_self.csv",NA,NA,NA,"ADHD","Planning","Planning (Self)",NA,NA,NA,-1.17498679206609,0.030870794344616842,1.1108736723396166,-1.045175939954452,0.18358026759948642,-1.17498679206609,NA
"cefi_self","CEFI Self","Self-Monitoring",NA,82,NA,12,"Low Average","ADHD","Self-Monitoring","Self-Monitoring (Self)",NA,NA,NA,"standard_score","rating_scale","#NAME?","cefi_self_9","cefi_self.csv",NA,NA,NA,"ADHD","Self-Monitoring","Self-Monitoring (Self)",NA,NA,NA,-1.17498679206609,0.030870794344616842,1.1108736723396166,-0.821342795590299,0.5001281360678865,-1.17498679206609,NA
"cefi_self","CEFI Self","Working Memory",NA,84,NA,14,"Low Average","ADHD","Working Memory","Working Memory (Self)",NA,NA,NA,"standard_score","rating_scale","#NAME?","cefi_self_10","cefi_self.csv",NA,NA,NA,"ADHD","Working Memory","Working Memory (Self)",NA,NA,NA,-1.0803193408149563,0.030870794344616842,1.1108736723396166,-0.7740090699647322,0.433188139330563,-1.0803193408149563,NA
"pai","PAI","Somatic Complaints",NA,53,NA,61,"Average","Psychiatric Disorders","Somatic Symptom Disorder","Somatic Symptom Disorder",NA,NA,NA,"t_score","rating_scale","Corey's score on Somatic Complaints
(degree of concern about physical functioning and health matters and the extent of perceived impairment arising from somatic symptoms) was Average.","pai_somatic complaints_1","pai_clinical.csv","degree of concern about physical functioning and health matters and the extent of perceived impairment arising from somatic symptoms",NA,NA,"Psychiatric Disorders","Somatic Symptom Disorder","Somatic Symptom Disorder",NA,NA,NA,0.2793190344474541,0.7182773578960968,1.33703976851396,0.2641954022468033,0.43954943514607764,0.2641954022468033,0.43954943514607764
"pai","PAI","Conversion",NA,49,NA,46,"Average","Psychiatric Disorders","Somatic Symptom Disorder","Somatic Symptom Disorder",NA,NA,NA,"t_score","rating_scale","Corey's score on Conversion
(moderate elevations may be seen in neurological disorders with CNS impairment involving sensorimotor problems, MS, CVA/stroke, or neuropsychological associated with chronic alcoholism) was Average.","pai_conversion_2","pai_clinical.csv","moderate elevations may be seen in neurological disorders with CNS impairment involving sensorimotor problems, MS, CVA/stroke, or neuropsychological associated with chronic alcoholism",NA,NA,"Psychiatric Disorders","Somatic Symptom Disorder","Somatic Symptom Disorder",NA,NA,NA,-0.10043372051146972,0.7182773578960968,1.33703976851396,0.2641954022468033,0.43954943514607764,0.2641954022468033,0.43954943514607764
"pai","PAI","Somatization",NA,59,NA,81,"High Average","Psychiatric Disorders","Somatic Symptom Disorder","Somatic Symptom Disorder",NA,NA,NA,"t_score","rating_scale","Corey's score on Somatization
(high scorers describe general lethargy and malaise, and the presentation is one of complaintiveness and dissatisfaction) was High Average.","pai_somatization_3","pai_clinical.csv","high scorers describe general lethargy and malaise, and the presentation is one of complaintiveness and dissatisfaction",NA,NA,"Psychiatric Disorders","Somatic Symptom Disorder","Somatic Symptom Disorder",NA,NA,NA,0.8778962950512289,0.7182773578960968,1.33703976851396,0.2641954022468033,0.43954943514607764,0.2641954022468033,0.43954943514607764
"pai","PAI","Health Concerns",NA,50,NA,50,"Average","Psychiatric Disorders","Somatic Symptom Disorder","Somatic Symptom Disorder",NA,NA,NA,"t_score","rating_scale","Corey's score on Health Concerns
(elevations indicate a poor health may be a major component of the self-image, with the person accustomed to being in the patient role) was Average.","pai_health concerns_4","pai_clinical.csv","elevations indicate a poor health may be a major component of the self-image, with the person accustomed to being in the patient role",NA,NA,"Psychiatric Disorders","Somatic Symptom Disorder","Somatic Symptom Disorder",NA,NA,NA,0,0.7182773578960968,1.33703976851396,0.2641954022468033,0.43954943514607764,0.2641954022468033,0.43954943514607764
"pai","PAI","Anxiety",NA,76,NA,99,"Exceptionally High","Psychiatric Disorders","Anxiety","Anxiety",NA,NA,NA,"t_score","rating_scale","Corey's score on Anxiety
(reflecting a generalized impairment associated with anxiety) was Exceptionally High.","pai_anxiety_5","pai_clinical.csv","reflecting a generalized impairment associated with anxiety",NA,NA,"Psychiatric Disorders","Anxiety","Anxiety",NA,NA,NA,2.3263478740408408,0.7182773578960968,1.33703976851396,1.6324054848552936,0.7127693607220623,2.146809566716189,0.2190074454716689
"pai","PAI","Cognitive (A)",NA,73,NA,98,"Exceptionally High","Psychiatric Disorders","Anxiety","Anxiety",NA,NA,NA,"t_score","rating_scale","Corey's score on Cognitive (A)
(elevations indicate worry and concern about current (often uncontrollable) issues that compromise the person's ability to concentrate and attend) was Exceptionally High.","pai_cognitive (a)_6","pai_clinical.csv","elevations indicate worry and concern about current (often uncontrollable) issues that compromise the person's ability to concentrate and attend",NA,NA,"Psychiatric Disorders","Anxiety","Anxiety",NA,NA,NA,2.0537489106318225,0.7182773578960968,1.33703976851396,1.6324054848552936,0.7127693607220623,2.146809566716189,0.2190074454716689
"pai","PAI","Affective (A)",NA,70,NA,97,"Above Average","Psychiatric Disorders","Anxiety","Anxiety",NA,NA,NA,"t_score","rating_scale","Corey's score on Affective (A)
(high scorers experience a great deal of tension, have difficulty with relaxing and tend to be easily fatigued as a result of high-perceived stress) was Above Average.","pai_affective (a)_7","pai_clinical.csv","high scorers experience a great deal of tension, have difficulty with relaxing and tend to be easily fatigued as a result of high-perceived stress",NA,NA,"Psychiatric Disorders","Anxiety","Anxiety",NA,NA,NA,1.8807936081512504,0.7182773578960968,1.33703976851396,1.6324054848552936,0.7127693607220623,2.146809566716189,0.2190074454716689
"pai","PAI","Physiological (A)",NA,78,NA,99,"Exceptionally High","Psychiatric Disorders","Anxiety","Anxiety",NA,NA,NA,"t_score","rating_scale","Corey's score on Physiological (A)
(high scorers my not psychologically experience themselves as anxious, but show physiological signs that most people associate with anxiety) was Exceptionally High.","pai_physiological (a)_8","pai_clinical.csv","high scorers my not psychologically experience themselves as anxious, but show physiological signs that most people associate with anxiety",NA,NA,"Psychiatric Disorders","Anxiety","Anxiety",NA,NA,NA,2.3263478740408408,0.7182773578960968,1.33703976851396,1.6324054848552936,0.7127693607220623,2.146809566716189,0.2190074454716689
"pai","PAI","Anxiety-Related Disorders",NA,65,NA,93,"Above Average","Psychiatric Disorders","Anxiety","Anxiety Disorder",NA,NA,NA,"t_score","rating_scale","Corey's score on Anxiety-Related Disorders
(reflecting multiple anxiety-disorder diagnoses and broad impairment associated with anxiety) was Above Average.","pai_anxiety-related disorders_9","pai_clinical.csv","reflecting multiple anxiety-disorder diagnoses and broad impairment associated with anxiety",NA,NA,"Psychiatric Disorders","Anxiety","Anxiety Disorder",NA,NA,NA,1.4757910281791708,0.7182773578960968,1.33703976851396,1.6324054848552936,0.7127693607220623,1.1180014029943983,0.6571392222078158
"pai","PAI","Obsessive-Compulsive",NA,52,NA,57,"Average","Psychiatric Disorders","Anxiety","Anxiety Disorder",NA,NA,NA,"t_score","rating_scale","Corey's score on Obsessive-Compulsive
(scores marked rigidity and significant ruminative concerns) was Average.","pai_obsessive-compulsive_10","pai_clinical.csv","scores marked rigidity and significant ruminative concerns",NA,NA,"Psychiatric Disorders","Anxiety","Anxiety Disorder",NA,NA,NA,0.17637416478086118,0.7182773578960968,1.33703976851396,1.6324054848552936,0.7127693607220623,1.1180014029943983,0.6571392222078158
"pai","PAI","Phobias",NA,67,NA,95,"Above Average","Psychiatric Disorders","Anxiety","Anxiety Disorder",NA,NA,NA,"t_score","rating_scale","Corey's score on Phobias
(indicate impairing phobic behaviors, with avoidance of the feared object or situation) was Above Average.","pai_phobias_11","pai_clinical.csv","indicate impairing phobic behaviors, with avoidance of the feared object or situation",NA,NA,"Psychiatric Disorders","Anxiety","Anxiety Disorder",NA,NA,NA,1.6448536269514715,0.7182773578960968,1.33703976851396,1.6324054848552936,0.7127693607220623,1.1180014029943983,0.6571392222078158
"pai","PAI","Traumatic Stress",NA,62,NA,88,"High Average","Psychiatric Disorders","Anxiety","Anxiety Disorder",NA,NA,NA,"t_score","rating_scale","Corey's score on Traumatic Stress
(trauma (single or multiple) is the overriding focus of the person's life) was High Average.","pai_traumatic stress_12","pai_clinical.csv","trauma (single or multiple) is the overriding focus of the person's life",NA,NA,"Psychiatric Disorders","Anxiety","Anxiety Disorder",NA,NA,NA,1.17498679206609,0.7182773578960968,1.33703976851396,1.6324054848552936,0.7127693607220623,1.1180014029943983,0.6571392222078158
"pai","PAI","Depression",NA,94,NA,99,"Exceptionally High","Psychiatric Disorders","Depression","Depression",NA,NA,NA,"t_score","rating_scale","Corey's score on Depression
(person feels hopeless, discouraged and useless) was Exceptionally High.","pai_depression_13","pai_clinical.csv","person feels hopeless, discouraged and useless",NA,NA,"Psychiatric Disorders","Depression","Depression",NA,NA,NA,2.3263478740408408,0.7182773578960968,1.33703976851396,2.237237020862923,0.19925792523882796,2.237237020862923,0.19925792523882796
"pai","PAI","Cognitive (D)",NA,96,NA,99,"Exceptionally High","Psychiatric Disorders","Depression","Depression",NA,NA,NA,"t_score","rating_scale","Corey's score on Cognitive (D)
(a higher scorer is likely to report feeling hopeless and as having failed at most important life tasks) was Exceptionally High.","pai_cognitive (d)_14","pai_clinical.csv","a higher scorer is likely to report feeling hopeless and as having failed at most important life tasks",NA,NA,"Psychiatric Disorders","Depression","Depression",NA,NA,NA,2.3263478740408408,0.7182773578960968,1.33703976851396,2.237237020862923,0.19925792523882796,2.237237020862923,0.19925792523882796
"pai","PAI","Affective (D)",NA,88,NA,99,"Exceptionally High","Psychiatric Disorders","Depression","Depression",NA,NA,NA,"t_score","rating_scale","Corey's score on Affective (D)
(elevations suggest sadness, a loss of interest in normal activities and a loss if one's sense of pleasure in things that were previously enjoyed) was Exceptionally High.","pai_affective (d)_15","pai_clinical.csv","elevations suggest sadness, a loss of interest in normal activities and a loss if one's sense of pleasure in things that were previously enjoyed",NA,NA,"Psychiatric Disorders","Depression","Depression",NA,NA,NA,2.3263478740408408,0.7182773578960968,1.33703976851396,2.237237020862923,0.19925792523882796,2.237237020862923,0.19925792523882796
"pai","PAI","Physiological (D)",NA,79,NA,99,"Exceptionally High","Psychiatric Disorders","Depression","Depression",NA,NA,NA,"t_score","rating_scale","Corey's score on Physiological (D)
(elevations suggest a change in level of physical functioning, typically with a disturbance in sleep pattern, a decrease in energy and level of sexual interest and a loss of appetite and/or weight loss) was Exceptionally High.","pai_physiological (d)_16","pai_clinical.csv","elevations suggest a change in level of physical functioning, typically with a disturbance in sleep pattern, a decrease in energy and level of sexual interest and a loss of appetite and/or weight loss",NA,NA,"Psychiatric Disorders","Depression","Depression",NA,NA,NA,2.3263478740408408,0.7182773578960968,1.33703976851396,2.237237020862923,0.19925792523882796,2.237237020862923,0.19925792523882796
"pai","PAI","Mania",NA,46,NA,34,"Average","Psychiatric Disorders","Mania/Hypomania","Mania/Hypomania",NA,NA,NA,"t_score","rating_scale","Corey's score on Mania
(scores are associated with disorders such as mania, hypomania, or cyclothymia) was Average.","pai_mania_17","pai_clinical.csv","scores are associated with disorders such as mania, hypomania, or cyclothymia",NA,NA,"Psychiatric Disorders","Mania/Hypomania","Mania/Hypomania",NA,NA,NA,-0.41246312944140473,0.7182773578960968,1.33703976851396,-0.265832361672336,1.8137094434216552,-0.265832361672336,1.8137094434216552
"pai","PAI","Activity Level",NA,76,NA,99,"Exceptionally High","Psychiatric Disorders","Mania/Hypomania","Mania/Hypomania",NA,NA,NA,"t_score","rating_scale","Corey's score on Activity Level
(this activity level renders the person confused and difficult to understand) was Exceptionally High.","pai_activity level_18","pai_clinical.csv","this activity level renders the person confused and difficult to understand",NA,NA,"Psychiatric Disorders","Mania/Hypomania","Mania/Hypomania",NA,NA,NA,2.3263478740408408,0.7182773578960968,1.33703976851396,-0.265832361672336,1.8137094434216552,-0.265832361672336,1.8137094434216552
"pai","PAI","Grandiosity",NA,33,NA,4,"Below Average","Psychiatric Disorders","Mania/Hypomania","Mania/Hypomania",NA,NA,NA,"t_score","rating_scale","Corey's score on Grandiosity
(person may have little capacity to recognize personal limitations, to the point where one is not able to think clearly about one's capabilities) was Below Average.","pai_grandiosity_19","pai_clinical.csv","person may have little capacity to recognize personal limitations, to the point where one is not able to think clearly about one's capabilities",NA,NA,"Psychiatric Disorders","Mania/Hypomania","Mania/Hypomania",NA,NA,NA,-1.75068607125217,0.7182773578960968,1.33703976851396,-0.265832361672336,1.8137094434216552,-0.265832361672336,1.8137094434216552
"pai","PAI","Irritability",NA,38,NA,11,"Low Average","Psychiatric Disorders","Mania/Hypomania","Mania/Hypomania",NA,NA,NA,"t_score","rating_scale","Corey's score on Irritability
(person is very volatile in response to frustration and his judgment in such situations may be poor) was Low Average.","pai_irritability_20","pai_clinical.csv","person is very volatile in response to frustration and his judgment in such situations may be poor",NA,NA,"Psychiatric Disorders","Mania/Hypomania","Mania/Hypomania",NA,NA,NA,-1.22652812003661,0.7182773578960968,1.33703976851396,-0.265832361672336,1.8137094434216552,-0.265832361672336,1.8137094434216552
"pai","PAI","Paranoia",NA,47,NA,38,"Average","Psychiatric Disorders","Schizophrenia Spectrum Disorders","Schizophrenia Spectrum Disorder",NA,NA,NA,"t_score","rating_scale","Corey's score on Paranoia
(individuals are likely to be overtly suspicious and hostile) was Average.","pai_paranoia_21","pai_clinical.csv","individuals are likely to be overtly suspicious and hostile",NA,NA,"Psychiatric Disorders","Schizophrenia Spectrum Disorders","Schizophrenia Spectrum Disorder",NA,NA,NA,-0.3054807880993973,0.7182773578960968,1.33703976851396,0.3416065914435309,1.123938759273699,0.3416065914435309,1.123938759273699
"pai","PAI","Hypervigilance",NA,48,NA,42,"Average","Psychiatric Disorders","Schizophrenia Spectrum Disorders","Schizophrenia Spectrum Disorder",NA,NA,NA,"t_score","rating_scale","Corey's score on Hypervigilance
(suggest a person who is pragmatic and skeptical in relationships) was Average.","pai_hypervigilance_22","pai_clinical.csv","suggest a person who is pragmatic and skeptical in relationships",NA,NA,"Psychiatric Disorders","Schizophrenia Spectrum Disorders","Schizophrenia Spectrum Disorder",NA,NA,NA,-0.20189347914185082,0.7182773578960968,1.33703976851396,0.3416065914435309,1.123938759273699,0.3416065914435309,1.123938759273699
"pai","PAI","Persecution",NA,39,NA,13,"Low Average","Psychiatric Disorders","Schizophrenia Spectrum Disorders","Schizophrenia Spectrum Disorder",NA,NA,NA,"t_score","rating_scale","Corey's score on Persecution
(suggest an individual who is quick to feel that they are being treated inequitably and easily believes that there is concerted effort among others to undermine their best interests) was Low Average.","pai_persecution_23","pai_clinical.csv","suggest an individual who is quick to feel that they are being treated inequitably and easily believes that there is concerted effort among others to undermine their best interests",NA,NA,"Psychiatric Disorders","Schizophrenia Spectrum Disorders","Schizophrenia Spectrum Disorder",NA,NA,NA,-1.1263911290388005,0.7182773578960968,1.33703976851396,0.3416065914435309,1.123938759273699,0.3416065914435309,1.123938759273699
"pai","PAI","Resentment",NA,55,NA,69,"Average","Psychiatric Disorders","Schizophrenia Spectrum Disorders","Schizophrenia Spectrum Disorder",NA,NA,NA,"t_score","rating_scale","Corey's score on Resentment
(increasing tendency to attribute any misfortunes to the neglect of others and to discredit the successes of others as being the result of luck or favoritism) was Average.","pai_resentment_24","pai_clinical.csv","increasing tendency to attribute any misfortunes to the neglect of others and to discredit the successes of others as being the result of luck or favoritism",NA,NA,"Psychiatric Disorders","Schizophrenia Spectrum Disorders","Schizophrenia Spectrum Disorder",NA,NA,NA,0.4958503473474531,0.7182773578960968,1.33703976851396,0.3416065914435309,1.123938759273699,0.3416065914435309,1.123938759273699
"pai","PAI","Schizophrenia",NA,67,NA,95,"Above Average","Psychiatric Disorders","Schizophrenia Spectrum Disorders","Schizophrenia Spectrum Disorder",NA,NA,NA,"t_score","rating_scale","Corey's score on Schizophrenia
(associated with an active schizophrenic episode) was Above Average.","pai_schizophrenia_25","pai_clinical.csv","associated with an active schizophrenic episode",NA,NA,"Psychiatric Disorders","Schizophrenia Spectrum Disorders","Schizophrenia Spectrum Disorder",NA,NA,NA,1.6448536269514715,0.7182773578960968,1.33703976851396,0.3416065914435309,1.123938759273699,0.3416065914435309,1.123938759273699
"pai","PAI","Psychotic Experiences",NA,50,NA,50,"Average","Psychiatric Disorders","Schizophrenia Spectrum Disorders","Schizophrenia Spectrum Disorder",NA,NA,NA,"t_score","rating_scale","Corey's score on Psychotic Experiences
(person may strike others as peculiar and eccentric) was Average.","pai_psychotic experiences_26","pai_clinical.csv","person may strike others as peculiar and eccentric",NA,NA,"Psychiatric Disorders","Schizophrenia Spectrum Disorders","Schizophrenia Spectrum Disorder",NA,NA,NA,0,0.7182773578960968,1.33703976851396,0.3416065914435309,1.123938759273699,0.3416065914435309,1.123938759273699
"pai","PAI","Social Detachment",NA,49,NA,46,"Average","Psychiatric Disorders","Schizophrenia Spectrum Disorders","Schizophrenia Spectrum Disorder",NA,NA,NA,"t_score","rating_scale","Corey's score on Social Detachment
(reflects a person who neither desires nor enjoys the meaning to personal relationships) was Average.","pai_social detachment_27","pai_clinical.csv","reflects a person who neither desires nor enjoys the meaning to personal relationships",NA,NA,"Psychiatric Disorders","Schizophrenia Spectrum Disorders","Schizophrenia Spectrum Disorder",NA,NA,NA,-0.10043372051146972,0.7182773578960968,1.33703976851396,0.3416065914435309,1.123938759273699,0.3416065914435309,1.123938759273699
"pai","PAI","Thought Disorder",NA,90,NA,99,"Exceptionally High","Psychiatric Disorders","Schizophrenia Spectrum Disorders","Schizophrenia Spectrum Disorder",NA,NA,NA,"t_score","rating_scale","Corey's score on Thought Disorder
(suggest problems in concentration and decision-making) was Exceptionally High.","pai_thought disorder_28","pai_clinical.csv","suggest problems in concentration and decision-making",NA,NA,"Psychiatric Disorders","Schizophrenia Spectrum Disorders","Schizophrenia Spectrum Disorder",NA,NA,NA,2.3263478740408408,0.7182773578960968,1.33703976851396,0.3416065914435309,1.123938759273699,0.3416065914435309,1.123938759273699
"pai","PAI","Borderline Features",NA,72,NA,98,"Exceptionally High","Personality Disorders","Borderline Personality","Borderline Personality Disorder",NA,NA,NA,"t_score","rating_scale","Corey's score on Borderline Features
(behaviors typically associated with borderline personality disorder) was Exceptionally High.","pai_borderline features_29","pai_clinical.csv","behaviors typically associated with borderline personality disorder",NA,NA,"Personality Disorders","Borderline Personality","Borderline Personality Disorder",NA,NA,NA,2.0537489106318225,0.34767069263719064,1.4882126112357226,1.4836211444645193,0.8675001645239928,1.4836211444645193,0.8675001645239928
"pai","PAI","Affective Instability",NA,69,NA,97,"Above Average","Personality Disorders","Borderline Personality","Borderline Personality Disorder",NA,NA,NA,"t_score","rating_scale","Corey's score on Affective Instability
(a propensity to experience a particular negative affect (anxiety, depression, or anger is the typical response)) was Above Average.","pai_affective instability_30","pai_clinical.csv","a propensity to experience a particular negative affect (anxiety, depression, or anger is the typical response)",NA,NA,"Personality Disorders","Borderline Personality","Borderline Personality Disorder",NA,NA,NA,1.8807936081512504,0.34767069263719064,1.4882126112357226,1.4836211444645193,0.8675001645239928,1.4836211444645193,0.8675001645239928
"pai","PAI","Identity Problems",NA,86,NA,99,"Exceptionally High","Personality Disorders","Borderline Personality","Borderline Personality Disorder",NA,NA,NA,"t_score","rating_scale","Corey's score on Identity Problems
(suggest uncertainty about major life issues and difficulties in developing and maintaining a sense of purpose) was Exceptionally High.","pai_identity problems_31","pai_clinical.csv","suggest uncertainty about major life issues and difficulties in developing and maintaining a sense of purpose",NA,NA,"Personality Disorders","Borderline Personality","Borderline Personality Disorder",NA,NA,NA,2.3263478740408408,0.34767069263719064,1.4882126112357226,1.4836211444645193,0.8675001645239928,1.4836211444645193,0.8675001645239928
"pai","PAI","Negative Relationships",NA,59,NA,81,"High Average","Personality Disorders","Borderline Personality","Borderline Personality Disorder",NA,NA,NA,"t_score","rating_scale","Corey's score on Negative Relationships
(person is likely to be bitter and resentful about the way past relationships have gone) was High Average.","pai_negative relationships_32","pai_clinical.csv","person is likely to be bitter and resentful about the way past relationships have gone",NA,NA,"Personality Disorders","Borderline Personality","Borderline Personality Disorder",NA,NA,NA,0.8778962950512289,0.34767069263719064,1.4882126112357226,1.4836211444645193,0.8675001645239928,1.4836211444645193,0.8675001645239928
"pai","PAI","Self-Harm",NA,53,NA,61,"Average","Personality Disorders","Borderline Personality","Borderline Personality Disorder",NA,NA,NA,"t_score","rating_scale","Corey's score on Self-Harm
(reflect levels of impulsivity and recklessness that become more hazardous as scores rise) was Average.","pai_self-harm_33","pai_clinical.csv","reflect levels of impulsivity and recklessness that become more hazardous as scores rise",NA,NA,"Personality Disorders","Borderline Personality","Borderline Personality Disorder",NA,NA,NA,0.2793190344474541,0.34767069263719064,1.4882126112357226,1.4836211444645193,0.8675001645239928,1.4836211444645193,0.8675001645239928
"pai","PAI","Antisocial Features",NA,38,NA,11,"Low Average","Personality Disorders","Antisocial Personality","Antisocial Personality Disorder",NA,NA,NA,"t_score","rating_scale","Corey's score on Antisocial Features
(individuals are likely to be impulsive and hostile, perhaps with a history of reckless and/or antisocial acts) was Low Average.","pai_antisocial features_34","pai_clinical.csv","individuals are likely to be impulsive and hostile, perhaps with a history of reckless and/or antisocial acts",NA,NA,"Personality Disorders","Antisocial Personality","Antisocial Personality Disorder",NA,NA,NA,-1.22652812003661,0.34767069263719064,1.4882126112357226,-1.0722673721469702,0.25243777570340936,-1.0722673721469702,0.25243777570340936
"pai","PAI","Antisocial Behaviors",NA,41,NA,18,"Low Average","Personality Disorders","Antisocial Personality","Antisocial Personality Disorder",NA,NA,NA,"t_score","rating_scale","Corey's score on Antisocial Behaviors
(scores suggest a history of difficulties with authority and with social convention) was Low Average.","pai_antisocial behaviors_35","pai_clinical.csv","scores suggest a history of difficulties with authority and with social convention",NA,NA,"Personality Disorders","Antisocial Personality","Antisocial Personality Disorder",NA,NA,NA,-0.9153650878428141,0.34767069263719064,1.4882126112357226,-1.0722673721469702,0.25243777570340936,-1.0722673721469702,0.25243777570340936
"pai","PAI","Egocentricity",NA,42,NA,21,"Low Average","Personality Disorders","Antisocial Personality","Antisocial Personality Disorder",NA,NA,NA,"t_score","rating_scale","Corey's score on Egocentricity
(suggest a person who tends to be self-centered and pragmatic in interaction with others) was Low Average.","pai_egocentricity_36","pai_clinical.csv","suggest a person who tends to be self-centered and pragmatic in interaction with others",NA,NA,"Personality Disorders","Antisocial Personality","Antisocial Personality Disorder",NA,NA,NA,-0.8064212470182404,0.34767069263719064,1.4882126112357226,-1.0722673721469702,0.25243777570340936,-1.0722673721469702,0.25243777570340936
"pai","PAI","Stimulus-Seeking",NA,37,NA,9,"Low Average","Personality Disorders","Antisocial Personality","Antisocial Personality Disorder",NA,NA,NA,"t_score","rating_scale","Corey's score on Stimulus-Seeking
(patient is likely to manifest behavior that is reckless and potentially dangerous to himself and/or those around him) was Low Average.","pai_stimulus-seeking_37","pai_clinical.csv","patient is likely to manifest behavior that is reckless and potentially dangerous to himself and/or those around him",NA,NA,"Personality Disorders","Antisocial Personality","Antisocial Personality Disorder",NA,NA,NA,-1.3407550336902168,0.34767069263719064,1.4882126112357226,-1.0722673721469702,0.25243777570340936,-1.0722673721469702,0.25243777570340936
"pai","PAI","Aggression",NA,41,NA,18,"Low Average","Psychiatric Disorders","Aggression","Aggression",NA,NA,NA,"t_score","rating_scale","Corey's score on Aggression
(scores are indicative of an individual who may be seen as impatient, irritable, and quick-tempered) was Low Average.","pai_aggression_38","pai_clinical.csv","scores are indicative of an individual who may be seen as impatient, irritable, and quick-tempered",NA,NA,"Psychiatric Disorders","Aggression","Aggression",NA,NA,NA,-0.9153650878428141,0.7182773578960968,1.33703976851396,-0.8171452666079712,0.488053474000755,-0.8171452666079712,0.488053474000755
"pai","PAI","Aggressive Attitude",NA,39,NA,13,"Low Average","Psychiatric Disorders","Aggression","Aggression",NA,NA,NA,"t_score","rating_scale","Corey's score on Aggressive Attitude
(suggest an individual who is easily angered and frustrated; others may perceive him as hostile and readily provoked) was Low Average.","pai_aggressive attitude_39","pai_clinical.csv","suggest an individual who is easily angered and frustrated; others may perceive him as hostile and readily provoked",NA,NA,"Psychiatric Disorders","Aggression","Aggression",NA,NA,NA,-1.1263911290388005,0.7182773578960968,1.33703976851396,-0.8171452666079712,0.488053474000755,-0.8171452666079712,0.488053474000755
"pai","PAI","Verbal Aggression",NA,39,NA,13,"Low Average","Psychiatric Disorders","Aggression","Aggression",NA,NA,NA,"t_score","rating_scale","Corey's score on Verbal Aggression
(reflects a person who is assertive and not intimidated by confrontation and, toward the upper end of this range, he may be verbally aggressive) was Low Average.","pai_verbal aggression_40","pai_clinical.csv","reflects a person who is assertive and not intimidated by confrontation and, toward the upper end of this range, he may be verbally aggressive",NA,NA,"Psychiatric Disorders","Aggression","Aggression",NA,NA,NA,-1.1263911290388005,0.7182773578960968,1.33703976851396,-0.8171452666079712,0.488053474000755,-0.8171452666079712,0.488053474000755
"pai","PAI","Physical Aggression",NA,49,NA,46,"Average","Psychiatric Disorders","Aggression","Aggression",NA,NA,NA,"t_score","rating_scale","Corey's score on Physical Aggression
(suggest that losses of temper are more common and that the person is prone to more physical displays of anger, perhaps breaking objects or engaging in physical confrontations) was Average.","pai_physical aggression_41","pai_clinical.csv","suggest that losses of temper are more common and that the person is prone to more physical displays of anger, perhaps breaking objects or engaging in physical confrontations",NA,NA,"Psychiatric Disorders","Aggression","Aggression",NA,NA,NA,-0.10043372051146972,0.7182773578960968,1.33703976851396,-0.8171452666079712,0.488053474000755,-0.8171452666079712,0.488053474000755
"pai","PAI","Alcohol Problems",NA,43,NA,24,"Low Average","Substance Use","Alcohol Use","Alcohol Use Disorder",NA,NA,NA,"t_score","rating_scale","Corey's score on Alcohol Problems
(are indicative of an individual who may drink regularly and may have experienced some adverse consequences as a result) was Low Average.","pai_alcohol problems_42","pai_clinical.csv","are indicative of an individual who may drink regularly and may have experienced some adverse consequences as a result",NA,NA,"Substance Use","Alcohol Use","Alcohol Use Disorder",NA,NA,NA,-0.7063025628400874,-0.3034192075203339,0.2970353161512593,-0.3531512814200437,0.4994313317536634,-0.3531512814200437,0.4994313317536634
"pai","PAI","Drug Problems",NA,48,NA,42,"Average","Substance Use","Drug Use","Drug Use Disorder",NA,NA,NA,"t_score","rating_scale","Corey's score on Drug Problems
(scores are indicative of a person who may use drugs on a fairly regular basis and may have experienced some adverse consequences as a result) was Average.","pai_drug problems_43","pai_clinical.csv","scores are indicative of a person who may use drugs on a fairly regular basis and may have experienced some adverse consequences as a result",NA,NA,"Substance Use","Drug Use","Drug Use Disorder",NA,NA,NA,-0.20189347914185082,-0.3034192075203339,0.2970353161512593,-0.25368713362062406,0.07324728860874713,-0.25368713362062406,0.07324728860874713
"pai","PAI","ALC Estimated Score",NA,50,NA,50,"Average","Substance Use","Alcohol Use","Alcohol Use Disorder",NA,NA,NA,"t_score","rating_scale","Corey's score on ALC Estimated Score
() was Average.","pai_alc estimated score_44","pai_clinical.csv",NA,NA,NA,"Substance Use","Alcohol Use","Alcohol Use Disorder",NA,NA,NA,0,-0.3034192075203339,0.2970353161512593,-0.3531512814200437,0.4994313317536634,-0.3531512814200437,0.4994313317536634
"pai","PAI","DRG Estimated Score",NA,47,NA,38,"Average","Substance Use","Drug Use","Drug Use Disorder",NA,NA,NA,"t_score","rating_scale","Corey's score on DRG Estimated Score
() was Average.","pai_drg estimated score_45","pai_clinical.csv",NA,NA,NA,"Substance Use","Drug Use","Drug Use Disorder",NA,NA,NA,-0.3054807880993973,-0.3034192075203339,0.2970353161512593,-0.25368713362062406,0.07324728860874713,-0.25368713362062406,0.07324728860874713
"pai","PAI","Suicidal Ideation",NA,70,NA,97,"Above Average","Psychiatric Disorders","Depression","Depression",NA,NA,NA,"t_score","rating_scale","Corey's score on Suicidal Ideation
(scores are typically of an individual who is seen in clinical settings) was Above Average.","pai_suicidal ideation_46","pai_clinical.csv","scores are typically of an individual who is seen in clinical settings",NA,NA,"Psychiatric Disorders","Depression","Depression",NA,NA,NA,1.8807936081512504,0.7182773578960968,1.33703976851396,2.237237020862923,0.19925792523882796,2.237237020862923,0.19925792523882796
"pai","PAI","Stress",NA,46,NA,34,"Average","Psychosocial Problems","Social Environment","Social Environment",NA,NA,NA,"t_score","rating_scale","Corey's score on Stress
(individuals may be experiencing a moderate degree of stress as a result of difficulties in some major life area) was Average.","pai_stress_47","pai_clinical.csv","individuals may be experiencing a moderate degree of stress as a result of difficulties in some major life area",NA,NA,"Psychosocial Problems","Social Environment","Social Environment",NA,NA,NA,-0.41246312944140473,-Inf,NA,-0.06657204749697532,0.48916385918971567,-0.06657204749697532,0.48916385918971567
"pai","PAI","Nonsupport",NA,53,NA,61,"Average","Psychosocial Problems","Social Environment","Social Environment",NA,NA,NA,"t_score","rating_scale","Corey's score on Nonsupport
(social relationships are perceived as offering little support - family relationships may be either distant or combative, whereas friends are generally seen as unavailable or not helpful when needed) was Average.","pai_nonsupport_48","pai_clinical.csv","social relationships are perceived as offering little support - family relationships may be either distant or combative, whereas friends are generally seen as unavailable or not helpful when needed",NA,NA,"Psychosocial Problems","Social Environment","Social Environment",NA,NA,NA,0.2793190344474541,-Inf,NA,-0.06657204749697532,0.48916385918971567,-0.06657204749697532,0.48916385918971567
"pai","PAI","Treatment Rejection",NA,25,NA,0,"Exceptionally Low","Psychosocial Problems","Treatment Considerations","Treatment Considerations",NA,NA,NA,"t_score","rating_scale","Corey's score on Treatment Rejection
(average scores suggest a person who acknowledges major difficulties in their functioning, and perceives an acute need for help in dealing with these problems) was Exceptionally Low.","pai_treatment rejection_49","pai_clinical.csv","average scores suggest a person who acknowledges major difficulties in their functioning, and perceives an acute need for help in dealing with these problems",NA,NA,"Psychosocial Problems","Treatment Considerations","Treatment Considerations",NA,NA,NA,-Inf,-Inf,NA,-Inf,NA,-Inf,NA
"pai","PAI","Dominance",NA,42,NA,21,"Low Average","Psychosocial Problems","Interpersonal","Interpersonal",NA,NA,NA,"t_score","rating_scale","Corey's score on Dominance
(average scores reflect an individual who is likely to be able to adapt to different interpersonal situations, by being able to both take and relinquish control in these relationships as needed) was Low Average.","pai_dominance_50","pai_clinical.csv","average scores reflect an individual who is likely to be able to adapt to different interpersonal situations, by being able to both take and relinquish control in these relationships as needed",NA,NA,"Psychosocial Problems","Interpersonal","Interpersonal",NA,NA,NA,-0.8064212470182404,-Inf,NA,-0.36557569245920524,0.6234497621692757,-0.36557569245920524,0.6234497621692757
"pai","PAI","Warmth",NA,51,NA,53,"Average","Psychosocial Problems","Interpersonal","Interpersonal",NA,NA,NA,"t_score","rating_scale","Corey's score on Warmth
(average scores reflect an individual who is likely to be able to adapt to different interpersonal situations, by being able to tolerate close attachment but also capable of maintaining some distance in relationships as needed) was Average.","pai_warmth_51","pai_clinical.csv","average scores reflect an individual who is likely to be able to adapt to different interpersonal situations, by being able to tolerate close attachment but also capable of maintaining some distance in relationships as needed",NA,NA,"Psychosocial Problems","Interpersonal","Interpersonal",NA,NA,NA,0.0752698620998299,-Inf,NA,-0.36557569245920524,0.6234497621692757,-0.36557569245920524,0.6234497621692757
"pai","PAI","Inattention (INATTN) Index",NA,77,NA,99,"Exceptionally High","ADHD","Attention Problems","Inattention",NA,NA,NA,"t_score","rating_scale","Corey's score on Inattention (INATTN) Index () was Exceptionally High.","pai_inattention (inattn) index_1","pai_inatt.csv",NA,NA,NA,"ADHD","Attention Problems","Inattention",NA,NA,NA,2.3263478740408408,0.030870794344616842,1.1108736723396166,2.3263478740408408,NA,2.3263478740408408,NA
