﻿"test","test_name","scale","raw_score","score","ci_95","percentile","range","domain","subdomain","narrow","pass","verbal","timed","score_type","test_type","result","absort","filename","description","index","true_score","domain_1","subdomain_1","narrow_1","pass_1","verbal_1","timed_1","z","z_mean_domain","z_sd_domain","z_mean_subdomain","z_sd_subdomain","z_mean_narrow","z_sd_narrow","z_mean_pass","z_sd_pass","z_mean_verbal","z_sd_verbal","z_mean_timed","z_sd_timed"
"cvlt3_brief","CVLT-3 Brief","Trial 1 Correct",7,13,NA,84,"High Average","Memory","Learning Efficiency","Word-List Learning","Sequential","Verbal","Untimed","scaled_score","npsych_test","Correct number of words learned on the first trial was High Average.","cvlt3_brief_1","cvlt3_brief.csv","Correct number of words learned on the first trial",NA,NA,"Memory","Learning Efficiency","Word-List Learning","Sequential","Verbal","Untimed",0.994457883209753,0.12377973807284215,0.7856336506365901,0.1463762687557889,0.9017408679442089,0.6012083840749706,0.5455810772301213,0.13876084612546835,0.783549430747444,0.23600255990705174,0.9465852508136972,0.24052014030726943,0.7743545976613552
"cvlt3_brief","CVLT-3 Brief","Trial 2 Correct",7,9,NA,37,"Average","Memory","Learning Efficiency","Word-List Learning","Sequential","Verbal","Untimed","scaled_score","npsych_test","Correct number of words learned on the second trial was Average.","cvlt3_brief_2","cvlt3_brief.csv","Correct number of words learned on the second trial",NA,NA,"Memory","Learning Efficiency","Word-List Learning","Sequential","Verbal","Untimed",-0.33185334643681663,0.12377973807284215,0.7856336506365901,0.1463762687557889,0.9017408679442089,0.6012083840749706,0.5455810772301213,0.13876084612546835,0.783549430747444,0.23600255990705174,0.9465852508136972,0.24052014030726943,0.7743545976613552
"cvlt3_brief","CVLT-3 Brief","Trial 3 Correct",9,12,NA,75,"High Average","Memory","Learning Efficiency","Word-List Learning","Sequential","Verbal","Untimed","scaled_score","npsych_test","Correct number of words learned on the third trial was High Average.","cvlt3_brief_3","cvlt3_brief.csv","Correct number of words learned on the third trial",NA,NA,"Memory","Learning Efficiency","Word-List Learning","Sequential","Verbal","Untimed",0.6744897501960817,0.12377973807284215,0.7856336506365901,0.1463762687557889,0.9017408679442089,0.6012083840749706,0.5455810772301213,0.13876084612546835,0.783549430747444,0.23600255990705174,0.9465852508136972,0.24052014030726943,0.7743545976613552
"cvlt3_brief","CVLT-3 Brief","Trial 4 Correct",9,13,NA,84,"High Average","Memory","Learning Efficiency","Word-List Learning","Sequential","Verbal","Untimed","scaled_score","npsych_test","Correct number of words learned on the fourth trial was High Average.","cvlt3_brief_4","cvlt3_brief.csv","Correct number of words learned on the fourth trial",NA,NA,"Memory","Learning Efficiency","Word-List Learning","Sequential","Verbal","Untimed",0.994457883209753,0.12377973807284215,0.7856336506365901,0.1463762687557889,0.9017408679442089,0.6012083840749706,0.5455810772301213,0.13876084612546835,0.783549430747444,0.23600255990705174,0.9465852508136972,0.24052014030726943,0.7743545976613552
"cvlt3_brief","CVLT-3 Brief","Trials 1-4 Correct",47,110,NA,75,"High Average","Memory","Learning Efficiency","Word-List Learning","Sequential","Verbal","Untimed","standard_score","npsych_test","Learning and recall of rote verbal information (word list) was High Average.","cvlt3_brief_1","cvlt3_brief.csv","Learning and recall of rote verbal information (word list)",NA,NA,"Memory","Learning Efficiency","Word-List Learning","Sequential","Verbal","Untimed",0.6744897501960817,0.12377973807284215,0.7856336506365901,0.1463762687557889,0.9017408679442089,0.6012083840749706,0.5455810772301213,0.13876084612546835,0.783549430747444,0.23600255990705174,0.9465852508136972,0.24052014030726943,0.7743545976613552
"cvlt3_brief","CVLT-3 Brief","Short Delay Free Recall",9,13,NA,84,"High Average","Memory","Delayed Recall","Free-Recall Memory","Sequential","Verbal","Untimed","scaled_score","npsych_test","Recall of the list after a short delay was High Average.","cvlt3_brief_1","cvlt3_brief.csv","Recall of the list after a short delay",NA,NA,"Memory","Delayed Recall","Free-Recall Memory","Sequential","Verbal","Untimed",0.994457883209753,0.12377973807284215,0.7856336506365901,0.11059842850778977,0.7522986261057856,0.994457883209753,0,0.13876084612546835,0.783549430747444,0.23600255990705174,0.9465852508136972,0.24052014030726943,0.7743545976613552
"cvlt3_brief","CVLT-3 Brief","Long Delay Free Recall",9,13,NA,84,"High Average","Memory","Delayed Recall","Free-Recall Memory","Sequential","Verbal","Untimed","scaled_score","npsych_test","Recall of the list after a long (20-minute) delay was High Average.","cvlt3_brief_2","cvlt3_brief.csv","Recall of the list after a long (20-minute) delay",NA,NA,"Memory","Delayed Recall","Free-Recall Memory","Sequential","Verbal","Untimed",0.994457883209753,0.12377973807284215,0.7856336506365901,0.11059842850778977,0.7522986261057856,0.994457883209753,0,0.13876084612546835,0.783549430747444,0.23600255990705174,0.9465852508136972,0.24052014030726943,0.7743545976613552
"cvlt3_brief","CVLT-3 Brief","Long Delay Cued Recall",9,13,NA,84,"High Average","Memory","Delayed Recall","Free-Recall Memory","Sequential","Verbal","Untimed","scaled_score","npsych_test","Recall of the list after a long (20-minute) delay with cues was High Average.","cvlt3_brief_3","cvlt3_brief.csv","Recall of the list after a long (20-minute) delay with cues",NA,NA,"Memory","Delayed Recall","Free-Recall Memory","Sequential","Verbal","Untimed",0.994457883209753,0.12377973807284215,0.7856336506365901,0.11059842850778977,0.7522986261057856,0.994457883209753,0,0.13876084612546835,0.783549430747444,0.23600255990705174,0.9465852508136972,0.24052014030726943,0.7743545976613552
"cvlt3_brief","CVLT-3 Brief","Total Hits",9,11,NA,63,"Average","Memory","Delayed Recall","Recognition Memory","Sequential","Verbal","Untimed","scaled_score","npsych_test","Yes/no recognition total hits was Average.","cvlt3_brief_1","cvlt3_brief.csv","Yes/no recognition total hits",NA,NA,"Memory","Delayed Recall","Recognition Memory","Sequential","Verbal","Untimed",0.33185334643681663,0.12377973807284215,0.7856336506365901,0.11059842850778977,0.7522986261057856,0.33454911076742877,0.27537688122588844,0.13876084612546835,0.783549430747444,0.23600255990705174,0.9465852508136972,0.24052014030726943,0.7743545976613552
"cvlt3_brief","CVLT-3 Brief","Total False Positives",0,10,NA,50,"Average","Memory","Delayed Recall","Recognition Memory","Sequential","Verbal","Untimed","scaled_score","npsych_test","Yes/no recognition total false positives was Average.","cvlt3_brief_2","cvlt3_brief.csv","Yes/no recognition total false positives",NA,NA,"Memory","Delayed Recall","Recognition Memory","Sequential","Verbal","Untimed",0,0.12377973807284215,0.7856336506365901,0.11059842850778977,0.7522986261057856,0.33454911076742877,0.27537688122588844,0.13876084612546835,0.783549430747444,0.23600255990705174,0.9465852508136972,0.24052014030726943,0.7743545976613552
"cvlt3_brief","CVLT-3 Brief","Recognition Discriminability (d')",3.5,12,NA,75,"High Average","Memory","Delayed Recall","Recognition Memory","Sequential","Verbal","Untimed","scaled_score","npsych_test","Yes/no recognition discriminability was High Average.","cvlt3_brief_3","cvlt3_brief.csv","Yes/no recognition discriminability",NA,NA,"Memory","Delayed Recall","Recognition Memory","Sequential","Verbal","Untimed",0.6744897501960817,0.12377973807284215,0.7856336506365901,0.11059842850778977,0.7522986261057856,0.33454911076742877,0.27537688122588844,0.13876084612546835,0.783549430747444,0.23600255990705174,0.9465852508136972,0.24052014030726943,0.7743545976613552
"cvlt3_brief","CVLT-3 Brief","Recognition Discriminability Nonparametric",100,11,NA,63,"Average","Memory","Delayed Recall","Recognition Memory","Sequential","Verbal","Untimed","scaled_score","npsych_test","Yes/no recognition discriminability (nonparametric) was Average.","cvlt3_brief_4","cvlt3_brief.csv","Yes/no recognition discriminability (nonparametric)",NA,NA,"Memory","Delayed Recall","Recognition Memory","Sequential","Verbal","Untimed",0.33185334643681663,0.12377973807284215,0.7856336506365901,0.11059842850778977,0.7522986261057856,0.33454911076742877,0.27537688122588844,0.13876084612546835,0.783549430747444,0.23600255990705174,0.9465852508136972,0.24052014030726943,0.7743545976613552
"cvlt3_brief","CVLT-3 Brief","CVLT-3 Total Intrusions",0,12,NA,75,"High Average","Attention/Executive","Attention","Response Monitoring","Attention","Verbal","Untimed","scaled_score","npsych_test","Total number of intrusive response errors was High Average.","cvlt3_brief_1","cvlt3_brief.csv","Total number of intrusive response errors",NA,NA,"Attention/Executive","Attention","Response Monitoring","Attention","Verbal","Untimed",0.6744897501960817,0.09554355848037281,1.0353621002145452,0.30164337516842094,1.3161422604707784,0.42341941058592775,1.5855052865659087,0.2153348713926158,1.0587292600639255,0.23600255990705174,0.9465852508136972,0.24052014030726943,0.7743545976613552
"cvlt3_brief","CVLT-3 Brief","CVLT-3 Total Repetitions",0,13,NA,84,"High Average","Attention/Executive","Attention","Response Monitoring","Attention","Verbal","Untimed","scaled_score","npsych_test","Total number of repetitive response errors was High Average.","cvlt3_brief_1","cvlt3_brief.csv","Total number of repetitive response errors",NA,NA,"Attention/Executive","Attention","Response Monitoring","Attention","Verbal","Untimed",0.994457883209753,0.09554355848037281,1.0353621002145452,0.30164337516842094,1.3161422604707784,0.42341941058592775,1.5855052865659087,0.2153348713926158,1.0587292600639255,0.23600255990705174,0.9465852508136972,0.24052014030726943,0.7743545976613552
"dkefs","Color-Word Interference","Color Naming",35,8,NA,25,"Average","Verbal/Language","Retrieval","Naming Facility","Sequential","Verbal","Timed","scaled_score","npsych_test","Biggie's score on Color Naming (Rapid color naming) was Average.","dkefs_1","dkefs.csv",NA,NA,NA,"Verbal/Language","Retrieval","Naming Facility","Sequential","Verbal","Timed",-0.6744897501960817,-0.2273469075104403,0.832698284858503,-1.0076223919431493,0.4711207000278804,-1.0076223919431493,0.4711207000278804,0.13876084612546835,0.783549430747444,0.23600255990705174,0.9465852508136972,-0.355787875416581,0.8166014938523706
"dkefs","Color-Word Interference","Word Reading",30,6,NA,9,"Low Average","Verbal/Language","Retrieval","Naming Facility","Sequential","Verbal","Timed","scaled_score","npsych_test","Biggie's score on Word Reading (Rapid word reading) was Low Average.","dkefs_2","dkefs.csv",NA,NA,NA,"Verbal/Language","Retrieval","Naming Facility","Sequential","Verbal","Timed",-1.3407550336902168,-0.2273469075104403,0.832698284858503,-1.0076223919431493,0.4711207000278804,-1.0076223919431493,0.4711207000278804,0.13876084612546835,0.783549430747444,0.23600255990705174,0.9465852508136972,-0.355787875416581,0.8166014938523706
"dkefs","Color-Word Interference","Inhibition",71,8,NA,25,"Average","Attention/Executive","Executive Functioning","Inhibition","Attention","Verbal","Timed","scaled_score","npsych_test","Biggie's score on Inhibition (Inhibition/cognitive control) was Average.","dkefs_3","dkefs.csv",NA,NA,NA,"Attention/Executive","Executive Functioning","Inhibition","Attention","Verbal","Timed",-0.6744897501960817,0.09554355848037281,1.0353621002145452,-0.3845218628869465,0.6397898995421845,-0.6744897501960817,NA,0.2153348713926158,1.0587292600639255,0.23600255990705174,0.9465852508136972,-0.355787875416581,0.8166014938523706
"dkefs","Color-Word Interference","Inhibition/Switching",63,11,NA,63,"Average","Attention/Executive","Executive Functioning","Set-Shifting","Attention","Verbal","Timed","scaled_score","npsych_test","Biggie's score on Inhibition/Switching (Set-shifting/cognitive flexibility) was Average.","dkefs_4","dkefs.csv",NA,NA,NA,"Attention/Executive","Executive Functioning","Set-Shifting","Attention","Verbal","Timed",0.33185334643681663,0.09554355848037281,1.0353621002145452,-0.3845218628869465,0.6397898995421845,0.33185334643681663,NA,0.2153348713926158,1.0587292600639255,0.23600255990705174,0.9465852508136972,-0.355787875416581,0.8166014938523706
"dkefs","Color-Word Interference","Color Naming Total Errors",0,NA,NA,99,"Exceptionally High","Attention/Executive","Attention","Response Monitoring","Attention","Verbal",NA,"percentile","npsych_test","Biggie's score on Color Naming Total Errors (Color naming errors) was Exceptionally High.","dkefs_5","dkefs.csv",NA,NA,NA,"Attention/Executive","Attention","Response Monitoring","Attention","Verbal",NA,2.3263478740408408,0.09554355848037281,1.0353621002145452,0.30164337516842094,1.3161422604707784,0.42341941058592775,1.5855052865659087,0.2153348713926158,1.0587292600639255,0.23600255990705174,0.9465852508136972,0.4852321984362368,1.5239416535724766
"dkefs","Color-Word Interference","Word Reading Total Errors",0,NA,NA,99,"Exceptionally High","Attention/Executive","Attention","Response Monitoring","Attention","Verbal",NA,"percentile","npsych_test","Biggie's score on Word Reading Total Errors (Word reading errors) was Exceptionally High.","dkefs_6","dkefs.csv",NA,NA,NA,"Attention/Executive","Attention","Response Monitoring","Attention","Verbal",NA,2.3263478740408408,0.09554355848037281,1.0353621002145452,0.30164337516842094,1.3161422604707784,0.42341941058592775,1.5855052865659087,0.2153348713926158,1.0587292600639255,0.23600255990705174,0.9465852508136972,0.4852321984362368,1.5239416535724766
"dkefs","Color-Word Interference","Inhibition Total Errors",2,9,NA,36,"Average","Attention/Executive","Attention","Response Monitoring","Attention","Verbal","Timed","scaled_score","npsych_test","Biggie's score on Inhibition Total Errors (Inhibition errors) was Average.","dkefs_7","dkefs.csv",NA,NA,NA,"Attention/Executive","Attention","Response Monitoring","Attention","Verbal","Timed",-0.35845879325119373,0.09554355848037281,1.0353621002145452,0.30164337516842094,1.3161422604707784,0.42341941058592775,1.5855052865659087,0.2153348713926158,1.0587292600639255,0.23600255990705174,0.9465852508136972,-0.355787875416581,0.8166014938523706
"dkefs","Color-Word Interference","Inhibition/Switching Total Errors",2,10,NA,50,"Average","Attention/Executive","Attention","Response Monitoring","Attention","Verbal","Timed","scaled_score","npsych_test","Biggie's score on Inhibition/Switching Total Errors (Switching errors) was Average.","dkefs_8","dkefs.csv",NA,NA,NA,"Attention/Executive","Attention","Response Monitoring","Attention","Verbal","Timed",0,0.09554355848037281,1.0353621002145452,0.30164337516842094,1.3161422604707784,0.42341941058592775,1.5855052865659087,0.2153348713926158,1.0587292600639255,0.23600255990705174,0.9465852508136972,-0.355787875416581,0.8166014938523706
"examiner","NIH EXAMINER","Unstructured Task",1.4,46,NA,34.5,"Average","Attention/Executive","Executive Functioning","Planning","Planning","Nonverbal","Timed","t_score","npsych_test","Strategic planning and organization aptitude to formulate an action in advance of performance or intended performance fell within the Average range.","examiner_unstructured task_1","examiner.csv",NA,"Biggie",NA,"Attention/Executive","Executive Functioning","Planning","Planning","Nonverbal","Timed",-0.3988550656423368,0.09554355848037281,1.0353621002145452,-0.3845218628869465,0.6397898995421845,-0.8402033155934687,0.6241606808105215,-0.7185737540695858,0.7901280339442964,-0.2533799562216764,0.7622955657494217,-0.355787875416581,0.8166014938523706
"examiner","NIH EXAMINER","Letter Fluency",20,45,NA,30.9,"Average","Verbal/Language","Word Fluency","Phonemic Fluency","Sequential","Verbal","Timed","t_score","npsych_test","Letter/phonemic word fluency was Average.","examiner_letter fluency_1","examiner.csv",NA,"Biggie",NA,"Verbal/Language","Word Fluency","Phonemic Fluency","Sequential","Verbal","Timed",-0.498686864142122,-0.2273469075104403,0.832698284858503,-0.1496754830404576,0.4935766285765387,-0.498686864142122,NA,0.13876084612546835,0.783549430747444,0.23600255990705174,0.9465852508136972,-0.355787875416581,0.8166014938523706
"examiner","NIH EXAMINER","Category Fluency",32,52,NA,57.9,"Average","Verbal/Language","Word Fluency","Semantic Fluency","Sequential","Verbal","Timed","t_score","npsych_test","Categorical/semantic word fluency fell within the Average range.","examiner_category fluency_1","examiner.csv",NA,"Biggie",NA,"Verbal/Language","Word Fluency","Semantic Fluency","Sequential","Verbal","Timed",0.19933589806120677,-0.2273469075104403,0.832698284858503,-0.1496754830404576,0.4935766285765387,0.19933589806120677,NA,0.13876084612546835,0.783549430747444,0.23600255990705174,0.9465852508136972,-0.355787875416581,0.8166014938523706
"nabs","NAB-S","NAB Total Index",NA,94,NA,34,"Average","General Cognitive Ability","Neuropsychological Functioning","NAB Total Index",NA,NA,NA,"standard_score","npsych_test","A comprehensive measure of neuropsychological functioning (independent of general intelligence) in the domains of attentional and executive functioning, language, spatial processing, and memory fell in the Average range.","nabs_6","nabs.csv",NA,NA,NA,"General Cognitive Ability","Neuropsychological Functioning","NAB Total Index",NA,NA,NA,-0.41246312944140473,0.025405240161211814,0.664977821899929,-0.23330501097241962,0.8470302060226317,-0.41246312944140473,NA,-0.2457384496453603,1.2510554831773226,-0.5886220149486,0.6696028823817545,0.4852321984362368,1.5239416535724766
"nabs","NAB-S","NAB Attention Index",NA,103,NA,58,"Average","General Cognitive Ability","Neuropsychological Functioning","NAB Attention Index","Attention",NA,NA,"standard_score","npsych_test","An overall screening measure of the examinee's attentional functioning was Average.","nabs_1","nabs.csv",NA,NA,NA,"General Cognitive Ability","Neuropsychological Functioning","NAB Attention Index","Attention",NA,NA,0.2018934791418507,0.025405240161211814,0.664977821899929,-0.23330501097241962,0.8470302060226317,0.2018934791418507,NA,0.2153348713926158,1.0587292600639255,-0.5886220149486,0.6696028823817545,0.4852321984362368,1.5239416535724766
"nabs","NAB-S","Orientation",29,NA,NA,50,"Average","Attention/Executive","Attention","Orientation","Attention","Verbal","Untimed","percentile","npsych_test","Orientation to person, place, time, and situation was intact.","nabs_1","nabs.csv",NA,NA,NA,"Attention/Executive","Attention","Orientation","Attention","Verbal","Untimed",0,0.09554355848037281,1.0353621002145452,0.30164337516842094,1.3161422604707784,0,NA,0.2153348713926158,1.0587292600639255,0.23600255990705174,0.9465852508136972,0.24052014030726943,0.7743545976613552
"nabs","NAB-S","Digits Forward",10,51,NA,54,"Average","Attention/Executive","Attention","Attention Span","Attention","Verbal","Untimed","t_score","npsych_test","Auditory attentional capacity, or how much information can be processed at once fell within the Average range.","nabs_6","nabs.csv",NA,NA,NA,"Attention/Executive","Attention","Attention Span","Attention","Verbal","Untimed",0.10043372051146986,0.09554355848037281,1.0353621002145452,0.30164337516842094,1.3161422604707784,-0.2870280148423059,0.5479536410379247,0.2153348713926158,1.0587292600639255,0.23600255990705174,0.9465852508136972,0.24052014030726943,0.7743545976613552
"nabs","NAB-S","Digits Forward Longest Span",7,NA,NA,25,"Average","Attention/Executive","Attention","Attention Span","Attention","Verbal","Untimed","raw_score","npsych_test","Auditory attentional capacity was Average (7 digits forward).","nabs_7","nabs.csv",NA,NA,NA,"Attention/Executive","Attention","Attention Span","Attention","Verbal","Untimed",-0.6744897501960817,0.09554355848037281,1.0353621002145452,0.30164337516842094,1.3161422604707784,-0.2870280148423059,0.5479536410379247,0.2153348713926158,1.0587292600639255,0.23600255990705174,0.9465852508136972,0.24052014030726943,0.7743545976613552
"nabs","NAB-S","Digits Backward",6,54,NA,66,"Average","Attention/Executive","Working Memory","Verbal Working Memory","Attention","Verbal","Untimed","t_score","npsych_test","A measure of both attentional capacity and working memory fell within the Average range.","nabs_8","nabs.csv",NA,NA,NA,"Attention/Executive","Working Memory","Verbal Working Memory","Attention","Verbal","Untimed",0.41246312944140484,0.09554355848037281,1.0353621002145452,0.23646770434571723,0.3521193933031551,0.27173821990937164,0.42815452923476954,0.2153348713926158,1.0587292600639255,0.23600255990705174,0.9465852508136972,0.24052014030726943,0.7743545976613552
"nabs","NAB-S","Digits Backward Longest Span",6,NA,NA,75,"High Average","Attention/Executive","Working Memory","Verbal Working Memory","Attention","Verbal","Untimed","raw_score","npsych_test","Working memory for orally presented information was High Average (6 digits backward).","nabs_9","nabs.csv",NA,NA,NA,"Attention/Executive","Working Memory","Verbal Working Memory","Attention","Verbal","Untimed",0.6744897501960817,0.09554355848037281,1.0353621002145452,0.23646770434571723,0.3521193933031551,0.27173821990937164,0.42815452923476954,0.2153348713926158,1.0587292600639255,0.23600255990705174,0.9465852508136972,0.24052014030726943,0.7743545976613552
"nabs","NAB-S","Numbers & Letters Part A Speed",35,41,NA,18,"Low Average","Attention/Executive","Processing Speed","Psychomotor Speed","Planning","Nonverbal","Timed","t_score","npsych_test","Psychomotor speed fell within the Low Average range.","nabs_10","nabs.csv",NA,NA,NA,"Attention/Executive","Processing Speed","Psychomotor Speed","Planning","Nonverbal","Timed",-0.9153650878428141,0.09554355848037281,1.0353621002145452,-0.24244281721710048,1.0725715347475586,-0.9153650878428141,NA,-0.7185737540695858,0.7901280339442964,-0.2533799562216764,0.7622955657494217,-0.355787875416581,0.8166014938523706
"nabs","NAB-S","Numbers & Letters Part A Errors",0,50,NA,50,"Average","Attention/Executive","Attention","Response Monitoring","Attention","Nonverbal","Timed","t_score","npsych_test","A marker of reduced focus, or selective attention, distractibility, or reduced concentration, and diminished sustained attention fell within the Average range.","nabs_11","nabs.csv",NA,NA,NA,"Attention/Executive","Attention","Response Monitoring","Attention","Nonverbal","Timed",0,0.09554355848037281,1.0353621002145452,0.30164337516842094,1.3161422604707784,0.42341941058592775,1.5855052865659087,0.2153348713926158,1.0587292600639255,-0.2533799562216764,0.7622955657494217,-0.355787875416581,0.8166014938523706
"nabs","NAB-S","Numbers & Letters Part A Efficiency",114,42,NA,21,"Low Average","Attention/Executive","Processing Speed","Cognitive Efficiency","Planning","Nonverbal","Timed","t_score","npsych_test","An overall measure of efficiency in performing a selective attention letter cancellation task was Low Average.","nabs_12","nabs.csv",NA,NA,NA,"Attention/Executive","Processing Speed","Cognitive Efficiency","Planning","Nonverbal","Timed",-0.8064212470182404,0.09554355848037281,1.0353621002145452,-0.24244281721710048,1.0725715347475586,-0.8064212470182404,NA,-0.7185737540695858,0.7901280339442964,-0.2533799562216764,0.7622955657494217,-0.355787875416581,0.8166014938523706
"nabs","NAB-S","Numbers & Letters Part B Efficiency",59,58,NA,79,"High Average","Attention/Executive","Attention","Attentional Fluency","Planning","Nonverbal","Timed","t_score","npsych_test","Performance on a complex measure of divided attention, information processing speed, and inhibition was High Average.","nabs_13","nabs.csv",NA,NA,NA,"Attention/Executive","Attention","Attentional Fluency","Planning","Nonverbal","Timed",0.8064212470182404,0.09554355848037281,1.0353621002145452,0.30164337516842094,1.3161422604707784,0.8064212470182404,NA,-0.7185737540695858,0.7901280339442964,-0.2533799562216764,0.7622955657494217,-0.355787875416581,0.8166014938523706
"nabs","NAB-S","NAB Language Index",NA,116,NA,86,"High Average","General Cognitive Ability","Neuropsychological Functioning","NAB Language Index",NA,"Verbal","Untimed","standard_score","npsych_test","A composite screening measure of language comprehension and word-finding abilities fell in the High Average classification range.","nabs_2","nabs.csv",NA,NA,NA,"General Cognitive Ability","Neuropsychological Functioning","NAB Language Index",NA,"Verbal","Untimed",1.0803193408149563,0.025405240161211814,0.664977821899929,-0.23330501097241962,0.8470302060226317,1.0803193408149563,NA,-0.2457384496453603,1.2510554831773226,0.23600255990705174,0.9465852508136972,0.24052014030726943,0.7743545976613552
"nabs","NAB-S","Auditory Comprehension",55,47,NA,38,"Average","Verbal/Language","Listening Ability","Auditory Comprehension","Sequential","Verbal","Untimed","t_score","npsych_test","Auditory comprehension (i.e., the ability to receive, process, and execute oral instructions of increasing syntactic complexity) was Average.","nabs_1","nabs.csv",NA,NA,NA,"Verbal/Language","Listening Ability","Auditory Comprehension","Sequential","Verbal","Untimed",-0.3054807880993973,-0.2273469075104403,0.832698284858503,-0.3054807880993973,NA,-0.3054807880993973,NA,0.13876084612546835,0.783549430747444,0.23600255990705174,0.9465852508136972,0.24052014030726943,0.7743545976613552
"nabs","NAB-S","Naming",10,65,NA,93,"Above Average","Verbal/Language","Word Retrieval","Naming","Knowledge","Verbal","Untimed","t_score","npsych_test","Screening of word-finding ability and retrieval fluency on a confrontation naming task was Above Average, with no obvious dysfluency in conversational/informal expression.","nabs_5","nabs.csv",NA,NA,NA,"Verbal/Language","Word Retrieval","Naming","Knowledge","Verbal","Untimed",1.4757910281791708,-0.2273469075104403,0.832698284858503,1.4757910281791708,NA,1.4757910281791708,NA,1.235124455694462,0.34035393081772286,0.23600255990705174,0.9465852508136972,0.24052014030726943,0.7743545976613552
"nabs","NAB-S","NAB Memory Index",NA,79,NA,8,"Below Average","General Cognitive Ability","Neuropsychological Functioning","NAB Memory Index",NA,NA,NA,"standard_score","npsych_test","A composite measure of the examinee's verbal and visual memory functioning was Below Average.","nabs_3","nabs.csv",NA,NA,NA,"General Cognitive Ability","Neuropsychological Functioning","NAB Memory Index",NA,NA,NA,-1.4050715603096324,0.025405240161211814,0.664977821899929,-0.23330501097241962,0.8470302060226317,-1.4050715603096324,NA,-0.2457384496453603,1.2510554831773226,-0.5886220149486,0.6696028823817545,0.4852321984362368,1.5239416535724766
"nabs","NAB-S","Shape Learning Immediate Recognition",2,42,NA,21,"Low Average","Memory","Learning Efficiency","Visual Memory","Simultaneous","Nonverbal","Untimed","t_score","npsych_test","Learning and recognition of visual material (abstract shapes) was Low Average.","nabs_1","nabs.csv",NA,NA,NA,"Memory","Learning Efficiency","Visual Memory","Simultaneous","Nonverbal","Untimed",-0.8064212470182404,0.12377973807284215,0.7856336506365901,0.1463762687557889,0.9017408679442089,-0.45323901730976246,0.37310209516168,-0.06015231291251058,0.6727692123289783,-0.2533799562216764,0.7622955657494217,0.24052014030726943,0.7743545976613552
"nabs","NAB-S","Shape Learning Delayed Recognition",2,43,NA,24,"Low Average","Memory","Delayed Recall","Visual Memory","Simultaneous","Nonverbal","Untimed","t_score","npsych_test","Recognition of the target visual material among nontarget distractors after a delay period was Low Average.","nabs_2","nabs.csv",NA,NA,NA,"Memory","Delayed Recall","Visual Memory","Simultaneous","Nonverbal","Untimed",-0.7063025628400874,0.12377973807284215,0.7856336506365901,0.11059842850778977,0.7522986261057856,-0.45323901730976246,0.37310209516168,-0.06015231291251058,0.6727692123289783,-0.2533799562216764,0.7622955657494217,0.24052014030726943,0.7743545976613552
"nabs","NAB-S","Shape Learning Percent Retention",100,NA,NA,50,"Average","Memory","Delayed Recall","Visual Memory","Simultaneous","Nonverbal","Untimed","percentile","npsych_test","Percentage of visual detail retained over time, scaled to how much was initially learned fell in the Average range.","nabs_3","nabs.csv",NA,NA,NA,"Memory","Delayed Recall","Visual Memory","Simultaneous","Nonverbal","Untimed",0,0.12377973807284215,0.7856336506365901,0.11059842850778977,0.7522986261057856,-0.45323901730976246,0.37310209516168,-0.06015231291251058,0.6727692123289783,-0.2533799562216764,0.7622955657494217,0.24052014030726943,0.7743545976613552
"nabs","NAB-S","Story Learning Immediate Recall",13,38,NA,12,"Low Average","Memory","Learning Efficiency","Story Memory","Sequential","Verbal","Untimed","t_score","npsych_test","Performance on a more complex one-trial verbal learning and recall task (story learning) was Low Average.","nabs_4","nabs.csv",NA,NA,NA,"Memory","Learning Efficiency","Story Memory","Sequential","Verbal","Untimed",-1.17498679206609,0.12377973807284215,0.7856336506365901,0.1463762687557889,0.9017408679442089,-1.054280306816926,0.30603169029373284,0.13876084612546835,0.783549430747444,0.23600255990705174,0.9465852508136972,0.24052014030726943,0.7743545976613552
"nabs","NAB-S","Story Learning Delayed Recall",11,37,NA,10,"Low Average","Memory","Delayed Recall","Story Memory","Sequential","Verbal","Untimed","t_score","npsych_test","Delayed recall of the story details over time was Low Average.","nabs_5","nabs.csv",NA,NA,NA,"Memory","Delayed Recall","Story Memory","Sequential","Verbal","Untimed",-1.2815515655446006,0.12377973807284215,0.7856336506365901,0.11059842850778977,0.7522986261057856,-1.054280306816926,0.30603169029373284,0.13876084612546835,0.783549430747444,0.23600255990705174,0.9465852508136972,0.24052014030726943,0.7743545976613552
"nabs","NAB-S","Story Learning Percent Retention",85,NA,NA,24,"Low Average","Memory","Delayed Recall","Story Memory","Sequential","Verbal","Untimed","percentile","npsych_test","The percentage of story detail retained over time, scaled to how much was initially learned fell in the Low Average range.","nabs_6","nabs.csv",NA,NA,NA,"Memory","Delayed Recall","Story Memory","Sequential","Verbal","Untimed",-0.7063025628400874,0.12377973807284215,0.7856336506365901,0.11059842850778977,0.7522986261057856,-1.054280306816926,0.30603169029373284,0.13876084612546835,0.783549430747444,0.23600255990705174,0.9465852508136972,0.24052014030726943,0.7743545976613552
"nabs","NAB-S","NAB Spatial Index",NA,98,NA,45,"Average","General Cognitive Ability","Neuropsychological Functioning","NAB Spatial Index","Simultaneous","Nonverbal",NA,"standard_score","npsych_test","A composite screening measure of visuoperceptual skills, attention to detail, and visuoconstructional skills fell in the Average classification range.","nabs_4","nabs.csv",NA,NA,NA,"General Cognitive Ability","Neuropsychological Functioning","NAB Spatial Index","Simultaneous","Nonverbal",NA,-0.125661346855074,0.025405240161211814,0.664977821899929,-0.23330501097241962,0.8470302060226317,-0.125661346855074,NA,-0.06015231291251058,0.6727692123289783,-0.2533799562216764,0.7622955657494217,0.4852321984362368,1.5239416535724766
"nabs","NAB-S","Visual Discrimination",5,58,NA,79,"High Average","Visual Perception/Construction","Perception","Perception","Simultaneous","Nonverbal","Untimed","t_score","npsych_test","Perceptual processing, discrimination, and pattern matching of a series of abstract images requiring close attention to visual detail was High Average.","nabs_1","nabs.csv",NA,NA,NA,"Visual Perception/Construction","Perception","Perception","Simultaneous","Nonverbal","Untimed",0.8064212470182404,-0.05971723721718627,1.0684209384783412,0.8064212470182404,NA,0.8064212470182404,NA,-0.06015231291251058,0.6727692123289783,-0.2533799562216764,0.7622955657494217,0.24052014030726943,0.7743545976613552
"nabs","NAB-S","Design Construction",7,42,NA,21,"Low Average","Visual Perception/Construction","Construction","Construction","Simultaneous","Nonverbal","Timed","t_score","npsych_test","Constructing and recreating abstract visual designs (tangrams) from a model using flat polygons (tans) to reproduce each stimulus fell in the Low Average range.","nabs_2","nabs.csv",NA,NA,NA,"Visual Perception/Construction","Construction","Construction","Simultaneous","Nonverbal","Timed",-0.8064212470182404,-0.05971723721718627,1.0684209384783412,-0.06596574841107933,1.0471622084639793,-0.8064212470182404,NA,-0.06015231291251058,0.6727692123289783,-0.2533799562216764,0.7622955657494217,-0.355787875416581,0.8166014938523706
"nabs","NAB-S","NAB Executive Functions Index",NA,89,NA,23,"Low Average","General Cognitive Ability","Neuropsychological Functioning","NAB Executive Functions Index","Planning",NA,"Timed","standard_score","npsych_test","A composite measure of executive skills involving planning, inhibition, speed/fluency, and generativity fell in the Low Average range.","nabs_5","nabs.csv",NA,NA,NA,"General Cognitive Ability","Neuropsychological Functioning","NAB Executive Functions Index","Planning",NA,"Timed",-0.7388468491852136,0.025405240161211814,0.664977821899929,-0.23330501097241962,0.8470302060226317,-0.7388468491852136,NA,-0.7185737540695858,0.7901280339442964,-0.5886220149486,0.6696028823817545,-0.355787875416581,0.8166014938523706
"nabs","NAB-S","Mazes",7,37,NA,10,"Low Average","Attention/Executive","Executive Functioning","Planning","Planning","Nonverbal","Timed","t_score","npsych_test","Planning and foresight, inhibition, and psychomotor speed examined through a series of maze-tracing tasks fell in the Low Average range.","nabs_1","nabs.csv",NA,NA,NA,"Attention/Executive","Executive Functioning","Planning","Planning","Nonverbal","Timed",-1.2815515655446006,0.09554355848037281,1.0353621002145452,-0.3845218628869465,0.6397898995421845,-0.8402033155934687,0.6241606808105215,-0.7185737540695858,0.7901280339442964,-0.2533799562216764,0.7622955657494217,-0.355787875416581,0.8166014938523706
"nabs","NAB-S","Word Generation",7,51,NA,54,"Average","Attention/Executive","Executive Functioning","Generativity","Sequential","Verbal","Timed","t_score","npsych_test","Retrieval fluency, ideational fluency, and generativity was Average.","nabs_2","nabs.csv",NA,NA,NA,"Attention/Executive","Executive Functioning","Generativity","Sequential","Verbal","Timed",0.10043372051146986,0.09554355848037281,1.0353621002145452,-0.3845218628869465,0.6397898995421845,0.10043372051146986,NA,0.13876084612546835,0.783549430747444,0.23600255990705174,0.9465852508136972,-0.355787875416581,0.8166014938523706
"nabs","NAB-S","Word Generation Perseverations",1,NA,NA,0.5,"Exceptionally Low","Attention/Executive","Attention","Response Monitoring","Attention","Verbal","Timed","percentile","npsych_test","Self-monitoring and perseverative tendencies was Exceptionally Low.","nabs_3","nabs.csv",NA,NA,NA,"Attention/Executive","Attention","Response Monitoring","Attention","Verbal","Timed",-2.5758293035489,0.09554355848037281,1.0353621002145452,0.30164337516842094,1.3161422604707784,0.42341941058592775,1.5855052865659087,0.2153348713926158,1.0587292600639255,0.23600255990705174,0.9465852508136972,-0.355787875416581,0.8166014938523706
"rocft","Rey Complex Figure","ROCFT Copy",31,33,NA,4.5,"Below Average","Visual Perception/Construction","Organization","Figure Copy","Planning","Nonverbal","Untimed","t_score","npsych_test","Copying of a complex figure requiring visuospatial integration, planning and organization, and efficient encoding of visuospatial material was Below Average.","rocft_rocft copy_1","rocft.csv",NA,NA,NA,"Visual Perception/Construction","Organization","Figure Copy","Planning","Nonverbal","Untimed",-1.6953977102721358,-0.05971723721718627,1.0684209384783412,-1.6953977102721358,NA,-1.6953977102721358,NA,-0.7185737540695858,0.7901280339442964,-0.2533799562216764,0.7622955657494217,0.24052014030726943,0.7743545976613552
"rocft","Rey Complex Figure","ROCFT Delayed Recall",21.5,47,NA,38.2,"Average","Memory","Delayed Recall","Visual Memory","Simultaneous","Nonverbal","Untimed","t_score","npsych_test","Spontaneous, long-term delayed recall (20-25 min) recall and reproduction of a complex abstract figure fell within the Average range.","rocft_rocft delayed recall_1","rocft.csv",NA,NA,NA,"Memory","Delayed Recall","Visual Memory","Simultaneous","Nonverbal","Untimed",-0.30023225938072196,0.12377973807284215,0.7856336506365901,0.11059842850778977,0.7522986261057856,-0.45323901730976246,0.37310209516168,-0.06015231291251058,0.6727692123289783,-0.2533799562216764,0.7622955657494217,0.24052014030726943,0.7743545976613552
"topf","Test of Premorbid Functioning","TOPF Standard Score",58,115,NA,84,"High Average","General Cognitive Ability","Premorbid Ability","Word Reading","Knowledge","Verbal","Untimed","standard_score","npsych_test","An estimate of premorbid verbal ability level fell within the High Average range.","topf_topf standard score_1","topf.csv","An estimate of premorbid verbal ability level",NA,NA,"General Cognitive Ability","Premorbid Ability","Word Reading","Knowledge","Verbal","Untimed",0.994457883209753,0.025405240161211814,0.664977821899929,0.994457883209753,NA,0.994457883209753,NA,1.235124455694462,0.34035393081772286,0.23600255990705174,0.9465852508136972,0.24052014030726943,0.7743545976613552
"wais5","WAIS-5","Verbal Comprehension (VCI)",18,95,NA,37,"Average","General Cognitive Ability","Knowledge","Crystallized Knowledge","NA","NA","NA","standard_score","npsych_test","Verbal Comprehension (i.e., the ability to verbalize meaningful concepts, think about verbal information, and express oneself using words) fell within the Average and ranked at the 37th percentile, indicating performance as good as or better than 37% of same-age peers from the general population.","wais5_1","wais5.csv",NA,NA,NA,"General Cognitive Ability","Knowledge","Crystallized Knowledge","NA","NA","NA",-0.33185334643681663,0.025405240161211814,0.664977821899929,-0.16592667321840832,0.23465575162492164,-0.33185334643681663,NA,0.12260671745341968,0.2536562404025287,0.12260671745341968,0.2536562404025287,0.011988935307814124,0.2867191926066526
"wais5","WAIS-5","Fluid Reasoning (FRI)",22,105,NA,63,"Average","General Cognitive Ability","Reasoning","Fluid Reasoning","NA","NA","NA","standard_score","npsych_test","Fluid Reasoning (i.e., the ability to use reasoning to identify and apply solutions to problems) fell within the Average and ranked at the 63th percentile, indicating performance as good as or better than 63% of same-age peers from the general population.","wais5_2","wais5.csv",NA,NA,NA,"General Cognitive Ability","Reasoning","Fluid Reasoning","NA","NA","NA",0.33185334643681663,0.025405240161211814,0.664977821899929,0.0799920332534178,0.7390402086815393,0.33185334643681663,NA,0.12260671745341968,0.2536562404025287,0.12260671745341968,0.2536562404025287,0.011988935307814124,0.2867191926066526
"wais5","WAIS-5","Working Memory (WMI)",20,100,NA,50,"Average","General Cognitive Ability","Working Memory","Working Memory Index","NA","NA","NA","standard_score","npsych_test","Working memory (i.e., the ability to consciously register maintain and manipulate auditory and visual information) fell within the Average and ranked at the 50th percentile, indicating performance as good as or better than 50% of same-age peers from the general population.","wais5_3","wais5.csv",NA,NA,NA,"General Cognitive Ability","Working Memory","Working Memory Index","NA","NA","NA",0,0.025405240161211814,0.664977821899929,0.23646770434571723,0.3521193933031551,0,NA,0.12260671745341968,0.2536562404025287,0.12260671745341968,0.2536562404025287,0.011988935307814124,0.2867191926066526
"wais5","WAIS-5","Full Scale (FSIQ)",74,103,NA,58,"Average","General Cognitive Ability","General Intelligence","Full Scale IQ","NA","NA","NA","standard_score","npsych_test","General intellectual ability fell within the Average and ranked at the 58th percentile, indicating performance as good as or better than 58% of same-age peers from the general population.","wais5_4","wais5.csv",NA,NA,NA,"General Cognitive Ability","General Intelligence","Full Scale IQ","NA","NA","NA",0.2018934791418507,0.025405240161211814,0.664977821899929,0.24521343490683936,0.07503236436659662,0.2018934791418507,NA,0.12260671745341968,0.2536562404025287,0.12260671745341968,0.2536562404025287,0.011988935307814124,0.2867191926066526
"wais5","WAIS-5","Nonmotor (NMI)",75,105,NA,63,"Average","General Cognitive Ability","General Intelligence","General Ability Index","NA","NA","Untimed","standard_score","npsych_test","NA fell within the Average and ranked at the 63th percentile, indicating performance as good as or better than 63% of same-age peers from the general population.","wais5_5","wais5.csv",NA,NA,NA,"General Cognitive Ability","General Intelligence","General Ability Index","NA","NA","Untimed",0.33185334643681663,0.025405240161211814,0.664977821899929,0.24521343490683936,0.07503236436659662,0.2668734127893337,0.09189550344637422,0.12260671745341968,0.2536562404025287,0.12260671745341968,0.2536562404025287,0.24052014030726943,0.7743545976613552
"wais5","WAIS-5","General Ability (GAI)",52,103,NA,58,"Average","General Cognitive Ability","General Intelligence","General Ability Index","NA","NA","NA","scaled_score","npsych_test","A subset of intellectual functioning with reduced influences of working memory and processing speed fell within the Average and ranked at the 58th percentile, indicating performance as good as or better than 58% of same-age peers from the general population.","wais5_6","wais5.csv",NA,NA,NA,"General Cognitive Ability","General Intelligence","General Ability Index","NA","NA","NA",0.2018934791418507,0.025405240161211814,0.664977821899929,0.24521343490683936,0.07503236436659662,0.2668734127893337,0.09189550344637422,0.12260671745341968,0.2536562404025287,0.12260671745341968,0.2536562404025287,0.011988935307814124,0.2867191926066526
"wais5","WAIS-5","Similarities",22,8,NA,25,"Average","Verbal/Language","Reasoning","Word Reasoning","Sequential","Verbal","Untimed","scaled_score","npsych_test","Verbal concept formation and abstract reasoning fell within the Average and ranked at the 25th percentile, indicating performance as good as or better than 25% of same-age peers from the general population.","wais5_1","wais5.csv",NA,NA,NA,"Verbal/Language","Reasoning","Word Reasoning","Sequential","Verbal","Untimed",-0.6744897501960817,-0.2273469075104403,0.832698284858503,0.0799920332534178,0.7390402086815393,-0.6744897501960817,NA,0.13876084612546835,0.783549430747444,0.23600255990705174,0.9465852508136972,0.24052014030726943,0.7743545976613552
"wais5","WAIS-5","Vocabulary",27,10,NA,50,"Average","Verbal/Language","Knowledge","Word Knowledge","Sequential","Verbal","Untimed","scaled_score","npsych_test","Verbal concept formation and word knowledge fell within the Average and ranked at the 50th percentile, indicating performance as good as or better than 50% of same-age peers from the general population.","wais5_2","wais5.csv",NA,NA,NA,"Verbal/Language","Knowledge","Word Knowledge","Sequential","Verbal","Untimed",0,-0.2273469075104403,0.832698284858503,-0.16592667321840832,0.23465575162492164,0,NA,0.13876084612546835,0.783549430747444,0.23600255990705174,0.9465852508136972,0.24052014030726943,0.7743545976613552
"wais5","WAIS-5","Block Design",47,12,NA,75,"High Average","Visual Perception/Construction","Construction","Block Construction","Simultaneous","Nonverbal","Timed","scaled_score","npsych_test","Understanding visual-spatial relationships to construct unfamiliar geometric designs from a model fell within the High Average and ranked at the 75th percentile, indicating performance as good as or better than 75% of same-age peers from the general population.","wais5_3","wais5.csv",NA,NA,NA,"Visual Perception/Construction","Construction","Block Construction","Simultaneous","Nonverbal","Timed",0.6744897501960817,-0.05971723721718627,1.0684209384783412,-0.06596574841107933,1.0471622084639793,0.6744897501960817,NA,-0.06015231291251058,0.6727692123289783,-0.2533799562216764,0.7622955657494217,-0.355787875416581,0.8166014938523706
"wais5","WAIS-5","Matrix Reasoning",21,13,NA,84,"High Average","Visual Perception/Construction","Reasoning","Nonverbal Reasoning","Simultaneous","Nonverbal","Untimed","scaled_score","npsych_test","Inductive reasoning and nonverbal problem-solving fell within the High Average and ranked at the 84th percentile, indicating performance as good as or better than 84% of same-age peers from the general population.","wais5_4","wais5.csv",NA,NA,NA,"Visual Perception/Construction","Reasoning","Nonverbal Reasoning","Simultaneous","Nonverbal","Untimed",0.994457883209753,-0.05971723721718627,1.0684209384783412,0.0799920332534178,0.7390402086815393,0.994457883209753,NA,-0.06015231291251058,0.6727692123289783,-0.2533799562216764,0.7622955657494217,0.24052014030726943,0.7743545976613552
"wais5","WAIS-5","Figure Weights",20,9,NA,37,"Average","Visual Perception/Construction","Reasoning","General Sequential Reasoning","Simultaneous","Nonverbal","Timed","scaled_score","npsych_test","General sequential (deductive) reasoning and quantitative reasoning fell within the Average and ranked at the 37th percentile, indicating performance as good as or better than 37% of same-age peers from the general population.","wais5_5","wais5.csv",NA,NA,NA,"Visual Perception/Construction","Reasoning","General Sequential Reasoning","Simultaneous","Nonverbal","Timed",-0.33185334643681663,-0.05971723721718627,1.0684209384783412,0.0799920332534178,0.7390402086815393,-0.33185334643681663,NA,-0.06015231291251058,0.6727692123289783,-0.2533799562216764,0.7622955657494217,-0.355787875416581,0.8166014938523706
"wais5","WAIS-5","Digit Sequencing",13,11,NA,63,"Average","Attention/Executive","Working Memory","Verbal Working Memory","Attention","verbal","Untimed","scaled_score","npsych_test","Maintenance and resequencing of progressively lengthier number strings in working memory fell within the Average and ranked at the 63th percentile, indicating performance as good as or better than 63% of same-age peers from the general population.","wais5_6","wais5.csv",NA,NA,NA,"Attention/Executive","Working Memory","Verbal Working Memory","Attention","verbal","Untimed",0.33185334643681663,0.09554355848037281,1.0353621002145452,0.23646770434571723,0.3521193933031551,0.27173821990937164,0.42815452923476954,0.2153348713926158,1.0587292600639255,0.33185334643681663,NA,0.24052014030726943,0.7743545976613552
"wais5","WAIS-5","Running Digits",18,9,NA,37,"Average","Attention/Executive","Working Memory","Verbal Working Memory","Attention","Verbal","NA","scaled_score","npsych_test","Performance on a Working Memory subtest that measures auditory working memory that requires both flexibility in information processing and a progressive shift of attention fell within the Average and ranked at the 37th percentile, indicating performance as good as or better than 37% of same-age peers from the general population.","wais5_7","wais5.csv",NA,NA,NA,"Attention/Executive","Working Memory","Verbal Working Memory","Attention","Verbal","NA",-0.33185334643681663,0.09554355848037281,1.0353621002145452,0.23646770434571723,0.3521193933031551,0.27173821990937164,0.42815452923476954,0.2153348713926158,1.0587292600639255,0.23600255990705174,0.9465852508136972,0.011988935307814124,0.2867191926066526
"wais5","WAIS-5","Symbol Span",26,11,NA,63,"Average","Attention/Executive","Working Memory","Nonverbal Working Memory","Attention","Nonverbal","Untimed","scaled_score","npsych_test","The patient's ability to encode, maintain, and recall visual information in short-term working memory fell within the Average and ranked at the 63th percentile, indicating performance as good as or better than 63% of same-age peers from the general population.","wais5_8","wais5.csv",NA,NA,NA,"Attention/Executive","Working Memory","Nonverbal Working Memory","Attention","Nonverbal","Untimed",0.33185334643681663,0.09554355848037281,1.0353621002145452,0.23646770434571723,0.3521193933031551,0.33185334643681663,NA,0.2153348713926158,1.0587292600639255,-0.2533799562216764,0.7622955657494217,0.24052014030726943,0.7743545976613552
"wais5","WAIS-5","Naming Speed Quan.",14,13,NA,84,"High Average","Attention/Executive","Processing Speed","Verbal Processing Speed","Sequential","Verbal","Timed","scaled_score","npsych_test","The patient's numerical processing fluency and their ability to quickly recognize and label quantities fell within the High Average and ranked at the 84th percentile, indicating performance as good as or better than 84% of same-age peers from the general population.","wais5_10","wais5.csv",NA,NA,NA,"Attention/Executive","Processing Speed","Verbal Processing Speed","Sequential","Verbal","Timed",0.994457883209753,0.09554355848037281,1.0353621002145452,-0.24244281721710048,1.0725715347475586,0.994457883209753,NA,0.13876084612546835,0.783549430747444,0.23600255990705174,0.9465852508136972,-0.355787875416581,0.8166014938523706
"wiat4","WIAT-4","Orthographic Fluency",822,107,NA,68,"Average","Academic Skills","Reading","Reading Speed","Sequential","Verbal","Timed","standard_score","npsych_test","Orthographic lexicon, or sight vocabulary fluency fell within the Average and ranked at the 68th percentile, indicating performance as good as or better than 68% of same-age peers from the general population.","wiat4_1","wiat4.csv",NA,NA,NA,"Academic Skills","Reading","Reading Speed","Sequential","Verbal","Timed",0.4676987991145084,0.8213427955902992,0.5001281360678863,0.8213427955902992,0.5001281360678863,0.4676987991145084,NA,0.13876084612546835,0.783549430747444,0.23600255990705174,0.9465852508136972,-0.355787875416581,0.8166014938523706
"wiat4","WIAT-4","Orthographic Choice",66,118,NA,88,"High Average","Academic Skills","Reading","Reading Orthography","Sequential","Verbal","Untimed","standard_score","npsych_test","Orthographic knowledge, or the quality of stored orthographic representations (i.e., correct word spellings) fell within the High Average and ranked at the 88th percentile, indicating performance as good as or better than 88% of same-age peers from the general population.","wiat4_2","wiat4.csv",NA,NA,NA,"Academic Skills","Reading","Reading Orthography","Sequential","Verbal","Untimed",1.17498679206609,0.8213427955902992,0.5001281360678863,0.8213427955902992,0.5001281360678863,1.17498679206609,NA,0.13876084612546835,0.783549430747444,0.23600255990705174,0.9465852508136972,0.24052014030726943,0.7743545976613552
