﻿"test","test_name","scale","raw_score","score","ci_95","percentile","range","domain","subdomain","narrow","pass","verbal","timed","score_type","test_type","result","absort","filename","description","index","true_score","domain_1","subdomain_1","narrow_1","pass_1","verbal_1","timed_1","z","z_mean_domain","z_sd_domain","z_mean_subdomain","z_sd_subdomain","z_mean_narrow","z_sd_narrow"
"pai","PAI","Inconsistency",NA,61,NA,86,"High Average Score","Symptom Validity","Response Inconsistency","Inconsistency",NA,NA,NA,"t_score","symptom_validity","Corey's score on Inconsistency
(Inconsistency) was High Average Score.","pai_inconsistency_1","pai_validity.csv","Inconsistency",NA,NA,"Symptom Validity","Response Inconsistency","Inconsistency",NA,NA,NA,1.0803193408149563,-0.02609786362576892,0.8739319783922094,0.35160000881798886,0.6588212968850428,1.0803193408149563,NA
"pai","PAI","Infrequency",NA,55,NA,69,"Within Normal Limits Score","Symptom Validity","Negative Impression","Infrequency",NA,NA,NA,"t_score","symptom_validity","Corey's score on Infrequency
(Infrequency) was Within Normal Limits Score.","pai_infrequency_2","pai_validity.csv","Infrequency",NA,NA,"Symptom Validity","Negative Impression","Infrequency",NA,NA,NA,0.4958503473474531,-0.02609786362576892,0.8739319783922094,0.20612213857664188,0.6616143402303325,0.4958503473474531,NA
"pai","PAI","Negative Impression Management",NA,47,NA,38,"Within Normal Limits Score","Symptom Validity","Negative Impression","Negative Impression Management",NA,NA,NA,"t_score","symptom_validity","Corey's score on Negative Impression Management
(Negative Impression Management) was Within Normal Limits Score.","pai_negative impression management_3","pai_validity.csv","Negative Impression Management",NA,NA,"Symptom Validity","Negative Impression","Negative Impression Management",NA,NA,NA,-0.3054807880993973,-0.02609786362576892,0.8739319783922094,0.20612213857664188,0.6616143402303325,-0.3054807880993973,NA
"pai","PAI","Positive Impression Management",NA,43,NA,24,"Low Average Score","Symptom Validity","Positive Impresion","Positive Impression Management",NA,NA,NA,"t_score","symptom_validity","Corey's score on Positive Impression Management
(Positive Impression Management) was Low Average Score.","pai_positive impression management_4","pai_validity.csv","Positive Impression Management",NA,NA,"Symptom Validity","Positive Impresion","Positive Impression Management",NA,NA,NA,-0.7063025628400874,-0.02609786362576892,0.8739319783922094,-0.7063025628400874,NA,-0.7063025628400874,NA
"pai","PAI","Malingering Index",NA,44,NA,27,"Within Normal Limits Score","Symptom Validity","Negative Impression","Malingering Index",NA,NA,NA,"t_score","symptom_validity","Corey's score on Malingering Index
(Malingering Index) was Within Normal Limits Score.","pai_malingering index_5","pai_validity.csv","Malingering Index",NA,NA,"Symptom Validity","Negative Impression","Malingering Index",NA,NA,NA,-0.6128129910166272,-0.02609786362576892,0.8739319783922094,0.20612213857664188,0.6616143402303325,-0.6128129910166272,NA
"pai","PAI","Rogers Discriminant Function",NA,56,NA,72,"Within Normal Limits Score","Symptom Validity","Negative Impression","Rogers Discriminant Function",NA,NA,NA,"t_score","symptom_validity","Corey's score on Rogers Discriminant Function
(Rogers Discriminant Function) was Within Normal Limits Score.","pai_rogers discriminant function_6","pai_validity.csv","Rogers Discriminant Function",NA,NA,"Symptom Validity","Negative Impression","Rogers Discriminant Function",NA,NA,NA,0.5828415072712162,-0.02609786362576892,0.8739319783922094,0.20612213857664188,0.6616143402303325,0.5828415072712162,NA
"pai","PAI","Negative Distortion Scale",NA,45,NA,30,"Within Normal Limits Score","Symptom Validity","Negative Impression","Negative Distortion Scale",NA,NA,NA,"t_score","symptom_validity","Corey's score on Negative Distortion Scale
(Negative Distortion Scale) was Within Normal Limits Score.","pai_negative distortion scale_7","pai_validity.csv","Negative Distortion Scale",NA,NA,"Symptom Validity","Negative Impression","Negative Distortion Scale",NA,NA,NA,-0.5244005127080408,-0.02609786362576892,0.8739319783922094,0.20612213857664188,0.6616143402303325,-0.5244005127080408,NA
"pai","PAI","Hong Malingering Index",NA,55,NA,69,"Within Normal Limits Score","Symptom Validity","Negative Impression","Hong Malingering Index",NA,NA,NA,"t_score","symptom_validity","Corey's score on Hong Malingering Index
(Hong Malingering Index) was Within Normal Limits Score.","pai_hong malingering index_8","pai_validity.csv","Hong Malingering Index",NA,NA,"Symptom Validity","Negative Impression","Hong Malingering Index",NA,NA,NA,0.4958503473474531,-0.02609786362576892,0.8739319783922094,0.20612213857664188,0.6616143402303325,0.4958503473474531,NA
"pai","PAI","Multiscale Feigning Index",NA,64,NA,91,"Above Average Score","Symptom Validity","Negative Impression","Multiscale Feigning Index",NA,NA,NA,"t_score","symptom_validity","Corey's score on Multiscale Feigning Index
(Multiscale Feigning Index) was Above Average Score.","pai_multiscale feigning index_9","pai_validity.csv","Multiscale Feigning Index",NA,NA,"Symptom Validity","Negative Impression","Multiscale Feigning Index",NA,NA,NA,1.3407550336902168,-0.02609786362576892,0.8739319783922094,0.20612213857664188,0.6616143402303325,1.3407550336902168,NA
"pai","PAI","Malingered Pain-Related Disability Discriminant Function",NA,52,NA,57,"Within Normal Limits Score","Symptom Validity","Negative Impression","Malingered Pain-Related Disability Discriminant Function",NA,NA,NA,"t_score","symptom_validity","Corey's score on Malingered Pain-Related Disability Discriminant Function
(Malingered Pain-Related Disability Discriminant Function) was Within Normal Limits Score.","pai_malingered pain-related disability discriminant function_10","pai_validity.csv","Malingered Pain-Related Disability Discriminant Function",NA,NA,"Symptom Validity","Negative Impression","Malingered Pain-Related Disability Discriminant Function",NA,NA,NA,0.17637416478086118,-0.02609786362576892,0.8739319783922094,0.20612213857664188,0.6616143402303325,0.17637416478086118,NA
"pai","PAI","Defensiveness Index",NA,38,NA,11,"Low Average Score","Symptom Validity","Positive Impression","Defensiveness Index",NA,NA,NA,"t_score","symptom_validity","Corey's score on Defensiveness Index
(Defensiveness Index) was Low Average Score.","pai_defensiveness index_11","pai_validity.csv","Defensiveness Index",NA,NA,"Symptom Validity","Positive Impression","Defensiveness Index",NA,NA,NA,-1.22652812003661,-0.02609786362576892,0.8739319783922094,-0.6037600975598293,1.2737479671143197,-1.22652812003661,NA
"pai","PAI","Cashel Discriminant Function",NA,62,NA,88,"High Average Score","Symptom Validity","Positive Impression","Cashel Discriminant Function",NA,NA,NA,"t_score","symptom_validity","Corey's score on Cashel Discriminant Function
(Cashel Discriminant Function) was High Average Score.","pai_cashel discriminant function_12","pai_validity.csv","Cashel Discriminant Function",NA,NA,"Symptom Validity","Positive Impression","Cashel Discriminant Function",NA,NA,NA,1.17498679206609,-0.02609786362576892,0.8739319783922094,-0.6037600975598293,1.2737479671143197,1.17498679206609,NA
"pai","PAI","Positive Distortion Scale",NA,33,NA,4,"Below Average Score","Symptom Validity","Positive Impression","Positive Distortion Scale",NA,NA,NA,"t_score","symptom_validity","Corey's score on Positive Distortion Scale
(Positive Distortion Scale) was Below Average Score.","pai_positive distortion scale_13","pai_validity.csv","Positive Distortion Scale",NA,NA,"Symptom Validity","Positive Impression","Positive Distortion Scale",NA,NA,NA,-1.75068607125217,-0.02609786362576892,0.8739319783922094,-0.6037600975598293,1.2737479671143197,-1.75068607125217,NA
"pai","PAI","Hong Defensiveness Index",NA,44,NA,27,"Within Normal Limits Score","Symptom Validity","Positive Impression","Hong Defensiveness Index",NA,NA,NA,"t_score","symptom_validity","Corey's score on Hong Defensiveness Index
(Hong Defensiveness Index) was Within Normal Limits Score.","pai_hong defensiveness index_14","pai_validity.csv","Hong Defensiveness Index",NA,NA,"Symptom Validity","Positive Impression","Hong Defensiveness Index",NA,NA,NA,-0.6128129910166272,-0.02609786362576892,0.8739319783922094,-0.6037600975598293,1.2737479671143197,-0.6128129910166272,NA
"pai","PAI","Back Random Responding",NA,48,NA,42,"Within Normal Limits Score","Symptom Validity","Response Inconsistency","Back Random Responding",NA,NA,NA,"t_score","symptom_validity","Corey's score on Back Random Responding
(Back Random Responding) was Within Normal Limits Score.","pai_back random responding_15","pai_validity.csv","Back Random Responding",NA,NA,"Symptom Validity","Response Inconsistency","Back Random Responding",NA,NA,NA,-0.20189347914185082,-0.02609786362576892,0.8739319783922094,0.35160000881798886,0.6588212968850428,-0.20189347914185082,NA
"pai","PAI","Hong Randomness Index",NA,52,NA,57,"Within Normal Limits Score","Symptom Validity","Response Inconsistency","Hong Randomness Index",NA,NA,NA,"t_score","symptom_validity","Corey's score on Hong Randomness Index
(Hong Randomness Index) was Within Normal Limits Score.","pai_hong randomness index_16","pai_validity.csv","Hong Randomness Index",NA,NA,"Symptom Validity","Response Inconsistency","Hong Randomness Index",NA,NA,NA,0.17637416478086118,-0.02609786362576892,0.8739319783922094,0.35160000881798886,0.6588212968850428,0.17637416478086118,NA
