﻿test,test_name,scale,raw_score,score,percentile,range,ci_95,difference,sig_level,freq,domain,subdomain,narrow,pass,verbal,timed,test_type,score_type,result,absort
basc3_prs_adolescent,BASC-3 PRS Adolescent,Externalizing Problems,189,64,91,Above Average,60-68,NA,NA,NA,Behavioral/Emotional/Social,Externalizing,Disruptive Behavior,NA,NA,NA,rating_scale,t_score,Ethan's parent reported Externalizing problems composite scale was Above Average.,basc3_prs_adolescent_1
basc3_prs_adolescent,BASC-3 PRS Adolescent,Internalizing Problems,139,46,40,Average,42-50,NA,NA,NA,Behavioral/Emotional/Social,Internalizing,Mood/Anxiety,NA,NA,NA,rating_scale,t_score,Ethan's parent reported Internalizing problems composite scale was Average.,basc3_prs_adolescent_2
basc3_prs_adolescent,BASC-3 PRS Adolescent,Behavioral Symptoms Index,374,65,92,Above Average,62-68,NA,NA,NA,Behavioral/Emotional/Social,Behavioral Symptoms,Behavioral Problems,NA,NA,NA,rating_scale,t_score,Ethan's parent reported Behavioral symptoms index composite scale was Above Average.,basc3_prs_adolescent_3
basc3_prs_adolescent,BASC-3 PRS Adolescent,Adaptive Skills,194,37,12,Low Average,34-40,NA,NA,NA,Behavioral/Emotional/Social,Adaptive Skills,Adaptive/Social Behavior,NA,NA,NA,rating_scale,t_score,Ethan's parent reported Overall adaptive functioning composite score was Low Average.,basc3_prs_adolescent_4
basc3_prs_adolescent,BASC-3 PRS Adolescent,Hyperactivity,8,58,83,High Average,51-65,-4,NS,,Behavioral/Emotional/Social,Externalizing,ADHD/Executive,NA,NA,NA,rating_scale,t_score,"Ethan's parent reported Tendency to be overly active, rush through work or activities, and act without thinking was High Average.",basc3_prs_adolescent_5
basc3_prs_adolescent,BASC-3 PRS Adolescent,Aggression,8,61,90,High Average,54-68,-1,NS,,Behavioral/Emotional/Social,Externalizing,Aggressive Behavior,NA,NA,NA,rating_scale,t_score,Ethan's parent reported Ratings of aggressive behavior and to act aggressively was High Average.,basc3_prs_adolescent_6
basc3_prs_adolescent,BASC-3 PRS Adolescent,Conduct Problems,15,70,95,Above Average,64-76,8,NS,,Behavioral/Emotional/Social,Externalizing,Antisocial,NA,NA,NA,rating_scale,t_score,Ethan's parent reported Rule-breaking behavior was Above Average.,basc3_prs_adolescent_7
basc3_prs_adolescent,BASC-3 PRS Adolescent,Anxiety,6,43,27,Average,36-50,-19,0.05,2% or less,Behavioral/Emotional/Social,Internalizing,Mood/Anxiety,NA,NA,NA,rating_scale,t_score,"Ethan's parent reported Tendency to be nervous, fearful, or worried about real or imagined problems was Average.",basc3_prs_adolescent_8
basc3_prs_adolescent,BASC-3 PRS Adolescent,Depression,9,55,79,High Average,49-61,-7,NS,,Behavioral/Emotional/Social,Internalizing,Mood/Depression,NA,NA,NA,rating_scale,t_score,"Ethan's parent reported Excessive feelings of unhappiness, sadness, or stress was High Average.",basc3_prs_adolescent_9
basc3_prs_adolescent,BASC-3 PRS Adolescent,Somatization,1,41,15,Low Average,34-48,-21,0.05,2% or less,Behavioral/Emotional/Social,Internalizing,Mood/Anxiety,NA,NA,NA,rating_scale,t_score,Ethan's parent reported Health-related problems was Low Average.,basc3_prs_adolescent_10
basc3_prs_adolescent,BASC-3 PRS Adolescent,Atypicality,13,69,94,Above Average,63-75,7,0.05,15% or less,Behavioral/Emotional/Social,Behavioral Symptoms,Adaptive/Social Behavior,NA,NA,NA,rating_scale,t_score,"Ethan's parent reported Demonstration of clear, logical thought patterns and a general awareness of surroundings was Above Average.",basc3_prs_adolescent_11
basc3_prs_adolescent,BASC-3 PRS Adolescent,Withdrawal,11,65,91,Above Average,58-72,3,NS,,Behavioral/Emotional/Social,Behavioral Symptoms,Adaptive/Social Behavior,NA,NA,NA,rating_scale,t_score,Ethan's parent reported Avoid social situations and appears to be capable of developing and maintaining friendships with others was Above Average.,basc3_prs_adolescent_12
basc3_prs_adolescent,BASC-3 PRS Adolescent,Attention Problems,17,66,92,Above Average,60-72,4,NS,,Behavioral/Emotional/Social,Behavioral Symptoms,ADHD/Executive,NA,NA,NA,rating_scale,t_score,Ethan's parent reported Maintain necessary levels of attention was Above Average.,basc3_prs_adolescent_13
basc3_prs_adolescent,BASC-3 PRS Adolescent,Adaptability,11,41,19,Low Average,35-47,2,NS,,Behavioral/Emotional/Social,Adaptive Skills,Adaptive/Social Behavior,NA,NA,NA,rating_scale,t_score,Ethan's parent reported Adaptation to most situations and able to quickly recover from situations that are difficult was Low Average.,basc3_prs_adolescent_14
basc3_prs_adolescent,BASC-3 PRS Adolescent,Social Skills,10,34,8,Below Average,28-40,-5,NS,,Behavioral/Emotional/Social,Adaptive Skills,Adaptive/Social Behavior,NA,NA,NA,rating_scale,t_score,Ethan's parent reported Socially adept and at ease was Below Average.,basc3_prs_adolescent_15
basc3_prs_adolescent,BASC-3 PRS Adolescent,Leadership,4,32,4,Below Average,25-39,-7,NS,,Behavioral/Emotional/Social,Adaptive Skills,Social,NA,NA,NA,rating_scale,t_score,"Ethan's parent reported Creative, works well under pressure, and/or can effectively unite others to work together was Below Average.",basc3_prs_adolescent_16
basc3_prs_adolescent,BASC-3 PRS Adolescent,Activities of Daily Living,13,45,29,Average,37-53,6,NS,,Behavioral/Emotional/Social,Adaptive Skills,Adaptive/Social Behavior,NA,NA,NA,rating_scale,t_score,Ethan's parent reported Able to adequately perform simple daily tasks in a safe and efficient manner was Average.,basc3_prs_adolescent_17
basc3_prs_adolescent,BASC-3 PRS Adolescent,Functional Communication,20,42,21,Low Average,35-49,3,NS,,Behavioral/Emotional/Social,Adaptive Skills,Adaptive/Social Behavior,NA,NA,NA,rating_scale,t_score,Ethan's parent reported Exhibits appropriate expressive and receptive communication skills and displays a strong ability to seek out and find new information independently was Low Average.,basc3_prs_adolescent_18
