﻿test,test_name,scale,raw_score,score,percentile,range,domain,subdomain,narrow,pass,verbal,timed,score_type,test_type,absort,result
pai_adol,PAI Adolescent,Inconsistency,,47,38,WNL Score,Symptom Validity,Response Inconsistency,Inconsistency,,,,t_score,symptom_validity,pai_a_1,Ethan's score on Inconsistency (Inconsistency) was WNL Score.
pai_adol,PAI Adolescent,Infrequency,,45,30,WNL Score,Symptom Validity,Negative Impression,Infrequency,,,,t_score,symptom_validity,pai_a_2,Ethan's score on Infrequency (Infrequency) was WNL Score.
pai_adol,PAI Adolescent,Negative Impression Management,,45,30,WNL Score,Symptom Validity,Negative Impression,Negative Impression Management,,,,t_score,symptom_validity,pai_a_3,Ethan's score on Negative Impression Management (Negative Impression Management) was WNL Score.
pai_adol,PAI Adolescent,Positive Impression Management,,58,78,High Average Score,Symptom Validity,Positive Impresion,Positive Impression Management,,,,t_score,symptom_validity,pai_a_4,Ethan's score on Positive Impression Management (Positive Impression Management) was High Average Score.
