﻿test,test_name,scale,raw_score,score,percentile,range,ci_95,domain,subdomain,narrow,pass,verbal,timed,test_type,score_type,absort,result
dkefs,Color-Word Interference,Color Naming,35,8,25,Average,,Verbal/Language,Retrieval,Naming Facility,Sequential,Verbal,Timed,npsych_test,scaled_score,dkefs_1,Biggie's score on Color Naming (Rapid color naming) was Average.
dkefs,Color-Word Interference,Word Reading,30,6,9,Low Average,,Verbal/Language,Retrieval,Naming Facility,Sequential,Verbal,Timed,npsych_test,scaled_score,dkefs_2,Biggie's score on Word Reading (Rapid word reading) was Low Average.
dkefs,Color-Word Interference,Inhibition,71,8,25,Average,,Attention/Executive,Executive Functioning,Inhibition,Attention,Verbal,Timed,npsych_test,scaled_score,dkefs_3,Biggie's score on Inhibition (Inhibition/cognitive control) was Average.
dkefs,Color-Word Interference,Inhibition/Switching,63,11,63,Average,,Attention/Executive,Executive Functioning,Set-Shifting,Attention,Verbal,Timed,npsych_test,scaled_score,dkefs_4,Biggie's score on Inhibition/Switching (Set-shifting/cognitive flexibility) was Average.
dkefs,Color-Word Interference,Color Naming Total Errors,0,,99,Exceptionally High,,Attention/Executive,Attention,Response Monitoring,Attention,Verbal,,npsych_test,percentile,dkefs_5,Biggie's score on Color Naming Total Errors (Color naming errors) was Exceptionally High.
dkefs,Color-Word Interference,Word Reading Total Errors,0,,99,Exceptionally High,,Attention/Executive,Attention,Response Monitoring,Attention,Verbal,,npsych_test,percentile,dkefs_6,Biggie's score on Word Reading Total Errors (Word reading errors) was Exceptionally High.
dkefs,Color-Word Interference,Inhibition Total Errors,2,9,36,Average,,Attention/Executive,Attention,Response Monitoring,Attention,Verbal,Timed,npsych_test,scaled_score,dkefs_7,Biggie's score on Inhibition Total Errors (Inhibition errors) was Average.
dkefs,Color-Word Interference,Inhibition/Switching Total Errors,2,10,50,Average,,Attention/Executive,Attention,Response Monitoring,Attention,Verbal,Timed,npsych_test,scaled_score,dkefs_8,Biggie's score on Inhibition/Switching Total Errors (Switching errors) was Average.
